pristine,,,,,,,,,,blackPowder,,,,,,,,,,blackMass,,,,,,,,,
chargeCycle2,,,dischargeCycle2,,chargeCycle30,,,dischargeCycle30,,chargeCycle2,,,dischargeCycle2,,chargeCycle30,,,dischargeCycle30,,chargeCycle2,,,dischargeCycle2,,chargeCycle30,,,dischargeCycle30,
testTime/min,voltage/V,specificCapacity/mAh/g,voltage/V,specificCapacity/mAh/g,testTime/min,voltage/V,specificCapacity/mAh/g,voltage/V,specificCapacity/mAh/g,testTime/min,voltage/V,specificCapacity/mAh/g,voltage/V,specificCapacity/mAh/g,testTime/min,voltage/V,specificCapacity/mAh/g,voltage/V,specificCapacity/mAh/g,testTime/min,voltage/V,specificCapacity/mAh/g,voltage/V,specificCapacity/mAh/g,testTime/min,voltage/V,specificCapacity/mAh/g,voltage/V,specificCapacity/mAh/g
0,0.985193,0.000206392,0.03083472,0.000200173,0,0.864526749,0.000205009,0.0393764,0.000197833,0,1.55657,0.000203455,0.037498303,0.000207389,0,1.445199,0.00020739,0.04242456,0.000207419,0,1.166449,0.000262513,0.045585059,0.000263951,0,1.655404568,0.000269791,0.03190976,0.000266358
10,0.369945,6.230069503,0.050155982,0.623181908,10,0.34534663,6.230112465,0.062128428,0.623188898,10,0.533851,6.225128787,0.054648779,0.622698006,10,0.505161,6.225275863,0.06005564,0.622720489,10,0.480021,8.119173487,0.070776477,0.812158976,10,0.541960955,8.11929243,0.051265635,0.812153792
20,0.243334,12.45995679,0.058427185,1.246166229,20,0.218958318,12.46000716,0.068708494,1.246181414,20,0.373382,12.45004677,0.062642559,1.245188809,20,0.341732,12.45034827,0.066262603,1.245234233,20,0.317048,16.23805903,0.082337685,1.624053857,20,0.359736621,16.23831881,0.057370111,1.624042413
30,0.199998,18.68989222,0.065120183,1.869151106,30,0.196410567,18.68990407,0.074312098,1.869174439,30,0.281785,18.67495862,0.069593415,1.867680377,30,0.254051,18.67541333,0.071613096,1.867747939,30,0.228205,24.35695549,0.090949334,2.435948103,30,0.260048985,24.35734362,0.062448017,2.43593167
40,0.197521,24.91980099,0.070601501,2.492136168,40,0.193274274,24.91980099,0.078542933,2.492167093,40,0.230552,24.89987048,0.07570114,2.49017141,40,0.212601,24.90048574,0.076525874,2.490261951,40,0.192301,32.47586138,0.097603127,3.247843033,40,0.201633975,32.47636218,0.067126267,3.247820341
50,0.193511,31.14970976,0.075233266,3.115120675,50,0.186963886,31.14970383,0.081984073,3.115160303,50,0.203879,31.12478723,0.081062749,3.112662442,50,0.190242,31.12554956,0.081039771,3.11277581,50,0.180351,40.59475785,0.102844894,4.059739333,50,0.191099435,40.59538073,0.07150887,4.059708815
60,0.185588,37.37965112,0.079149887,3.738104811,60,0.173885122,37.37960667,0.08483576,3.738153328,60,0.197303,37.34970399,0.08567071,3.735153014,60,0.183671,37.35062321,0.085049197,3.735291201,60,0.169293,48.71363872,0.106976837,4.871635241,60,0.183915541,48.71440868,0.075424336,4.871598073
70,0.172401,43.60960729,0.082521364,4.361089688,70,0.156952724,43.60950063,0.087271698,4.361147834,70,0.192989,43.57462565,0.089576304,4.357644813,70,0.177122,43.57569928,0.088682607,4.35780598,70,0.15708,56.83251328,0.110209711,5.68353115,70,0.176476657,56.83342723,0.079043284,5.68348733
80,0.15815,49.83954865,0.08542715,4.984076046,80,0.140399784,49.83938865,0.089250393,4.984143452,80,0.187732,49.79954976,0.092849389,4.980136917,80,0.169382,49.80077048,0.091957912,4.980321677,80,0.142061,64.95138472,0.112710081,6.495429406,80,0.167079285,64.95244266,0.082247987,6.495377369
90,0.143595,56.06945445,0.087954238,5.607062405,90,0.128039941,56.06928261,0.091155998,5.607139069,90,0.179393,56.02446897,0.095626175,5.602629022,90,0.158711,56.02582695,0.09484224,5.602837375,90,0.127884,73.07028118,0.11466115,7.307326879,90,0.154211193,73.07145808,0.085152343,7.307266627
100,0.132689,62.29938396,0.090153314,6.230048763,100,0.115943193,62.29918841,0.092879765,6.230133946,100,0.167114,62.24939308,0.097923845,6.225121433,100,0.145732,62.25089321,0.097410619,6.22535246,100,0.115866,81.18915892,0.116184495,8.119224353,100,0.14060998,81.19047351,0.087757967,8.119156275
110,0.119855,68.52933717,0.092090502,6.853035492,110,0.111859068,68.52910607,0.094452336,6.853128822,110,0.154615,68.4743319,0.099830657,6.847613231,110,0.133732,68.47595952,0.099622265,6.847868157,110,0.107985,89.30803036,0.117377229,8.931121044,110,0.128906503,89.30949519,0.090047933,8.931045923
120,0.116353,74.75930816,0.093809821,7.47602222,120,0.107685283,74.75903557,0.095823348,7.47612518,120,0.143081,74.69926581,0.101470612,7.470103804,120,0.123174,74.70103068,0.101604111,7.470383242,120,0.104405,97.42689554,0.118340902,9.743018517,120,0.118160777,97.42852314,0.092104256,9.742935572
130,0.112429,80.98930285,0.095326819,8.099008949,130,0.106380969,80.98895916,0.097013526,8.099122279,130,0.133836,80.92418992,0.102824889,8.092594377,130,0.113618,80.92611659,0.103326999,8.09289894,130,0.101474,105.5457482,0.119171895,10.55491443,130,0.111012526,105.5475511,0.093924858,10.55482679
140,0.109834,87.21929161,0.096662991,8.721994937,140,0.105808854,87.21887089,0.098103665,8.722118637,140,0.123588,87.14911403,0.103976689,8.715084949,140,0.106845,87.15120245,0.104863726,8.715414637,140,0.098285,113.6646134,0.119870193,11.3668119,140,0.106832407,113.666554,0.0955505,11.36671643
150,0.109099,93.44926853,0.097856879,9.344982406,150,0.105224878,93.44880039,0.099039651,9.345114995,150,0.117037,93.37403324,0.104931958,9.337576747,150,0.102815,93.37627855,0.106219478,9.337929722,150,0.094795,121.7834786,0.120485574,12.17870937,150,0.104908749,121.7855819,0.097019739,12.17860843
160,0.108523,99.67925137,0.098912187,9.967967654,160,0.104623854,99.67871805,0.099957854,9.968109872,160,0.112962,99.59896226,0.105727769,9.96006732,160,0.100636,99.60136446,0.107372768,9.960443581,160,0.091051,129.9023312,0.12107639,12.99060685,160,0.103297941,129.9046099,0.09827251,12.99049886
170,0.107953,105.9092342,0.099854104,10.59095364,170,0.103909448,105.9086298,0.100777782,10.59110475,170,0.110138,105.8238815,0.106392287,10.58255851,170,0.098855,105.8264601,0.108389594,10.58295683,170,0.087199,138.0211964,0.121587127,13.80250275,170,0.10163597,138.0236503,0.099419281,13.80238851
180,0.107375,112.1391933,0.100676253,11.21393889,180,0.103113525,112.1385652,0.101499595,11.21410037,180,0.108833,112.0488007,0.10693296,11.20504969,180,0.097171,112.0515362,0.109268464,11.2054713,180,0.08329,146.1400491,0.122085288,14.61439866,180,0.099856876,146.1426908,0.100420877,14.61427972
190,0.106711,118.3691288,0.101417333,11.83692414,190,0.1021716,118.3684888,0.102142118,11.83709598,190,0.107978,118.2737101,0.107397251,11.82754088,190,0.09552,118.2766025,0.110088885,11.82798455,190,0.079359,154.2588892,0.122567847,15.42629614,190,0.097917669,154.2617313,0.101305977,15.42617094
200,0.106001,124.5990761,0.102082826,12.45990938,200,0.101032555,124.5983887,0.102742396,12.46009012,200,0.107096,124.4986293,0.107809611,12.45003206,200,0.093767,124.5016688,0.110797912,12.45049902,200,0.075782,162.3777419,0.123020053,16.23819204,200,0.095825762,162.3807717,0.102081366,16.23806058
210,0.105172,130.8290589,0.1026631,13.08289315,210,0.099559277,130.8283241,0.103283383,13.08308425,210,0.106142,130.7235387,0.108113684,13.07252325,210,0.091975,130.7267449,0.111351937,13.07301226,210,0.073255,170.4965946,0.123469263,17.05009108,210,0.093595229,170.4997872,0.102764837,17.0499518
220,0.104188,137.0590299,0.103201866,13.7058784,220,0.097542048,137.0582358,0.103765093,13.70607987,220,0.105154,136.9484579,0.108371042,13.69501443,220,0.090061,136.9518602,0.111902252,13.69552674,220,0.071254,178.6154597,0.123906627,17.86198856,220,0.091273516,178.6188151,0.10339345,17.86184145
230,0.102954,143.2890127,0.10367246,14.32886364,230,0.094501384,143.2881239,0.104191229,14.32907549,230,0.104097,143.1733967,0.10862989,14.31750562,230,0.088002,143.1769755,0.112356886,14.31803998,230,0.069167,186.7342999,0.124345466,18.6738829,230,0.088853218,186.7378305,0.103930883,18.67373109
240,0.101329,149.5189837,0.104100056,14.95185037,240,0.088972896,149.5180356,0.104589924,14.95206963,240,0.102912,149.3983061,0.108823456,14.93999558,240,0.085879,149.402081,0.112826377,14.94055445,240,0.067044,194.8531526,0.124764308,19.48578194,240,0.086335808,194.856846,0.104362302,19.48562074
250,0.099094,155.7489547,0.104483947,15.57483562,250,0.076951787,155.7479355,0.104950823,15.57506821,250,0.10167,155.6232057,0.10899628,15.56248431,250,0.083564,155.6271963,0.113160864,15.56306893,250,0.064803,202.9719676,0.125198692,20.29767628,250,0.083664954,202.9758864,0.104784839,20.29751196
260,0.095539,161.978902,0.104827069,16.19782235,260,0.070852689,161.9778353,0.105245046,16.1980653,260,0.100292,161.8480955,0.109134965,16.18497427,260,0.080945,161.8523018,0.113490164,16.1855834,260,0.062388,211.0907703,0.125602707,21.10957376,260,0.08086364,211.0949018,0.105194777,21.10940474
270,0.08866,168.2088374,0.105143525,16.82080908,270,0.071064636,168.2077471,0.105527394,16.8210624,270,0.098706,168.0729951,0.109247692,16.80746546,270,0.077984,168.0774073,0.113795727,16.80809787,270,0.059676,219.2095853,0.126042277,21.92147123,270,0.078018583,219.2139423,0.105539478,21.92129751
280,0.076598,174.4387847,0.105412535,17.44379581,280,0.071251385,174.4376707,0.105785288,17.44405802,280,0.096765,174.2979143,0.109400474,17.42995787,280,0.074708,174.302503,0.114071622,17.43061112,280,0.05687,227.3284005,0.126318038,22.73336557,280,0.075032689,227.3329577,0.105847858,22.73319186
290,0.07352,180.6687675,0.105657093,18.06678253,290,0.071246199,180.6675705,0.106023185,18.06705216,290,0.094215,180.5228139,0.10945759,18.05245028,290,0.071568,180.5275987,0.114319339,18.05312559,290,0.053901,235.4471905,0.126730204,23.54526148,290,0.072185412,235.4519732,0.10613548,23.54508464
300,0.073309,186.8987385,0.105912022,18.68976926,300,0.071137257,186.8974704,0.106254406,18.69004777,300,0.09017,186.7477135,0.109539174,18.67494147,300,0.068833,186.752714,0.114551485,18.67564006,300,0.050774,243.5659555,0.127165332,24.35715895,300,0.070733234,243.5709886,0.106389746,24.35697741
310,0.073104,193.1287214,0.106102474,19.31275451,310,0.070917904,193.127394,0.106431521,19.31304339,310,0.082641,192.9726131,0.109603696,19.29743388,310,0.066357,192.9778293,0.11474283,19.29815453,310,0.047687,251.6847206,0.127582684,25.16905486,310,0.069803663,251.690004,0.106648445,25.16887019
320,0.07287,199.3586924,0.106289245,19.93574272,320,0.070673339,199.3572702,0.106646441,19.93604049,320,0.074519,199.1975127,0.109664507,19.91992629,320,0.064309,199.2029446,0.114949748,19.920669,320,0.044598,259.8034856,0.128008917,25.98095077,320,0.068800703,259.8089694,0.106878981,25.98076297
330,0.07256,205.5886396,0.106487848,20.55872797,330,0.070362084,205.5871464,0.106815405,20.55903611,330,0.072916,205.4223927,0.109716438,20.54241625,330,0.062814,205.4280403,0.115133688,20.54318348,330,0.04147,267.9222255,0.128417388,26.79284668,330,0.067707308,267.9279848,0.10709247,26.79265575
340,0.072255,211.8186106,0.106629394,21.18171025,340,0.069938183,211.8170462,0.106965847,21.18203321,340,0.072386,211.6472923,0.10978169,21.16490866,340,0.061605,211.6531556,0.115285724,21.16569795,340,0.038466,276.0409906,0.128830269,27.60474572,340,0.066478997,276.0470002,0.107294098,27.60454853
350,0.071912,218.0485105,0.106790207,21.80469254,350,0.069529109,218.0469698,0.107102193,21.80502882,350,0.071957,217.8721723,0.109800987,21.78739862,350,0.060454,217.8782709,0.115469649,21.78821242,350,0.035463,284.1597306,0.129249856,28.4166385,350,0.065163225,284.1659906,0.107463866,28.41644131
360,0.071549,224.2784341,0.106922112,22.42767778,360,0.069028139,224.2768223,0.107220776,22.42802592,360,0.071443,224.0970915,0.109875895,22.40989103,360,0.059263,224.1033862,0.115594998,22.41072444,360,0.032391,292.2784706,0.129685715,29.22853754,360,0.063687325,292.2849309,0.107644007,29.22832782
370,0.071153,230.5084051,0.107053287,23.05066007,370,0.068474554,230.5067222,0.107350461,23.05102154,370,0.07089,230.3219715,0.109899618,23.03238099,370,0.057989,230.3284819,0.115721077,23.03323891,370,0.029264,300.3972105,0.13009429,30.04043344,370,0.062148415,300.4039463,0.107804865,30.0402206
380,0.070692,236.7383524,0.107185192,23.67364383,380,0.067816474,236.736622,0.107472755,23.67401864,380,0.070281,236.5468711,0.109907039,23.6548734,380,0.056612,236.5535972,0.115858287,23.65575338,380,0.025743,308.5159505,0.130521283,30.85232935,380,0.060503505,308.5229367,0.107957557,30.85211338
390,0.070163,242.968347,0.107285239,24.29662612,390,0.067060567,242.9664982,0.10756316,24.29701574,390,0.069593,242.7717903,0.109932251,24.27736581,390,0.05513,242.7787125,0.115962863,24.27826295,390,0.020967,316.6346905,0.130973458,31.66422839,390,0.058774091,316.641902,0.10811545,31.66400929
400,0.069585,249.1982706,0.107393451,24.9196084,400,0.066229813,249.1963744,0.107680999,24.92001432,400,0.068863,248.9966899,0.109967105,24.89985822,400,0.053554,249.0038474,0.116083756,24.90077743,400,0.013304,324.7534305,0.131381184,32.47612117,400,0.057014287,324.7608924,0.108256295,32.47590207
410,0.068898,255.4282416,0.107527591,25.54259365,410,0.065236762,255.4262743,0.107789926,25.54300845,410,0.068071,255.2215895,0.110002846,25.52235063,410,0.051887,255.2289627,0.116200194,25.52328945,410,0.00505,333.0357322,0.131819278,33.28802021,410,0.055209257,332.8798828,0.108377859,33.28779485
420,0.068105,261.6581889,0.107624672,26.16557593,420,0.064033248,261.6561504,0.107859589,26.16600555,420,0.067137,261.4465087,0.110039189,26.14484059,420,0.050238,261.4541173,0.116307735,26.14580392,420,0.005027,339.7946715,0.132252946,34.09991612,420,0.053395338,340.9988732,0.108528361,34.09968763
430,0.067223,267.8881362,0.107712857,26.78856118,430,0.062593326,267.8860503,0.107948519,26.78899969,430,0.066233,267.6714083,0.110062182,26.767333,430,0.048457,267.6792326,0.116414532,26.76831594,430,0.005061,345.4179938,0.132688075,34.91181202,430,0.051509514,349.1178385,0.108655855,34.9115804
440,0.066122,274.1180835,0.107793637,27.41154347,440,0.060808063,274.1159265,0.10800188,27.41199382,440,0.065189,273.8963275,0.110076278,27.38982296,440,0.046504,273.9043871,0.11653246,27.39083041,440,0.005042,350.2004708,0.13312988,35.72371106,440,0.049580693,357.2368289,0.108795956,35.72347318
450,0.064825,280.3480308,0.10786774,28.03453168,450,0.058435857,280.3458027,0.10808266,28.03499092,450,0.064089,280.1212271,0.110077754,28.01231537,450,0.044465,280.1295024,0.116605878,28.01334488,450,0.00505,354.4120593,0.133562058,36.53560697,450,0.047590345,365.3558444,0.108890846,36.53536596
460,0.063283,286.577978,0.107951485,28.65751396,460,0.055229202,286.5756552,0.108165659,28.65798506,460,0.062899,286.3461463,0.110134125,28.63480533,460,0.04226,286.3546373,0.116708964,28.6358569,460,0.005053,358.2482222,0.134021655,37.34750288,460,0.045462124,373.4748347,0.109020561,37.34726187
470,0.061277,292.8078779,0.108014472,29.28049625,470,0.050375864,292.805555,0.10821753,29.28097919,470,0.061568,292.5710459,0.1101408,29.25729529,470,0.039763,292.5797722,0.116795748,29.25837138,470,0.005053,361.815004,0.134461984,38.15939879,470,0.043140426,381.593775,0.109141394,38.15915778
480,0.05876,299.0378252,0.108087845,29.90347853,480,0.042372197,299.0354312,0.108296089,29.90397629,480,0.060109,298.7959651,0.110189006,29.87978525,480,0.036887,298.8049267,0.116889939,29.88088585,480,0.005045,365.1717248,0.134909719,38.9712947,480,0.040445864,389.7127404,0.109274819,38.97105056
490,0.05536,305.2677488,0.108155288,30.52646378,490,0.022285236,305.2653074,0.108339064,30.52697043,490,0.058416,305.0208843,0.110180855,30.50227521,490,0.033654,305.030042,0.116986349,30.50340032,490,0.005044,368.3581981,0.135378957,39.78319373,490,0.037189417,397.8317308,0.109390467,39.78294333
500,0.050582,311.497625,0.108216785,31.14944902,500,0.005045541,311.1181167,0.10839761,31.14996753,500,0.056286,311.2458035,0.11023128,31.12476517,500,0.029814,311.2551769,0.117055327,31.12591234,500,0.005053,371.4009916,0.135829657,40.59508964,500,0.03264758,405.9506711,0.10950388,40.59483611
510,0.043657,317.7275248,0.108274601,31.77243131,510,0.005047024,314.9008505,0.108459868,31.77296166,510,0.053489,317.4707423,0.110255018,31.74725513,510,0.02506,317.4803119,0.117173254,31.74842681,510,0.00506,374.3171825,0.136285543,41.40698242,510,0.025387472,414.0696364,0.109606937,41.40672889
520,0.033164,323.9574721,0.108339064,32.39541359,520,0.005055916,317.1742263,0.10852804,32.39595876,520,0.049376,323.6956419,0.110301003,32.36974754,520,0.018723,323.7054664,0.117225915,32.37094128,520,0.005055,377.1162109,0.13675034,42.21887833,520,0.012694518,422.1886018,0.10972479,42.2186248
530,0.016568,330.1873483,0.108385019,33.01839884,,,,0.108559184,33.0189529,530,0.042884,329.9205808,0.110292837,32.9922375,530,0.00968,329.9305817,0.117314905,32.99345576,530,0.00505,379.8111478,0.137216613,43.03077424,530,0.005049701,429.4833734,0.109830797,43.03051758
540,0.005038,335.816046,0.108446531,33.64137816,,,,0.10861773,33.64194703,540,0.032177,336.1454804,0.110346988,33.61472992,540,0.005044,335.8607869,0.117404655,33.61597023,540,0.00505,382.4123848,0.137688071,43.84267015,540,0.005060821,434.4717548,0.109936059,43.84241036
550,0.005057,339.2577177,0.108501367,34.26436045,,,,0.108663671,34.26494413,550,0.017065,342.3704192,0.110364035,34.23721988,550,0.00504,340.3069308,0.117486238,34.23848225,550,0.005045,384.9323417,0.138150647,44.65456919,550,0.005057114,438.2057792,0.110059969,44.65430314
560,0.005034,341.6626451,0.108536951,34.88734273,,,,0.108716287,34.88793827,560,0.005051,348.3674542,0.110389262,34.85970984,560,0.005034,343.6920338,0.117567822,34.86099672,560,0.005044,387.3784054,0.138644338,45.46646509,560,0.005045253,441.1010116,0.110163756,45.46619904
570,0.005035,343.420102,0.108600684,35.51032502,,,,0.108752601,35.5109324,570,0.005034,351.7159262,0.110433757,35.48220225,570,0.005042,346.2096041,0.117657557,35.48350874,570,0.005044,389.7569862,0.139103204,46.278361,570,0.005048218,443.3708934,0.110270493,46.27809182
,,,0.108641438,36.1333073,,,,0.108799286,36.13392654,580,0.00504,353.829027,0.110463426,36.10469466,580,0.005023,348.051699,0.117738396,36.10602321,580,0.005053,392.0738431,0.139590964,47.09025691,580,0.005062304,445.0746194,0.110383175,47.0899846
,,,0.108689614,36.75628958,,,,0.108842276,36.75692364,590,0.005028,355.392586,0.110494569,36.72718462,590,0.00502,349.397708,0.117820725,36.72853523,590,0.005046,394.3288762,0.140070707,47.90215595,,,,0.110483982,47.90187738
,,,0.108736299,37.37927187,,,,0.108888961,37.37991777,,,,0.110524237,37.34967703,,,,0.117885992,37.35104726,600,0.005036,396.529347,0.140538454,48.71405499,,,,0.110594459,48.71377329
,,,0.108776323,38.00225712,,,,0.108927496,38.00291191,,,,0.110566512,37.97216699,,,,0.117990568,37.97356173,610,0.005042,398.6761068,0.141015112,49.5259509,,,,0.110724919,49.5256692
,,,0.108812638,38.6252394,,,,0.108965285,38.62590605,,,,0.11059767,38.59465695,,,,0.118043214,38.5960713,620,0.005043,400.7699819,0.141507313,50.3378468,,,,0.110820539,50.33756197
,,,0.108854868,39.24822465,,,,0.109004565,39.24890018,,,,0.110612497,39.21714691,,,,0.118135184,39.21858332,630,0.005048,402.8124499,0.142000273,51.14974584,,,,0.110927291,51.14946101
,,,0.108911194,39.87120693,,,,0.109041624,39.87189728,,,,0.110643655,39.83963687,,,,0.118221954,39.84109534,640,0.00505,404.8107723,0.142465815,51.96164488,,,,0.111033283,51.96135066
,,,0.108939357,40.49419218,,,,0.109086089,40.49489142,,,,0.110711142,40.46212683,,,,0.118303537,40.46360981,650,0.005044,406.7653996,0.142955795,52.77353766,,,,0.11114151,52.7732497
,,,0.108979367,41.11717743,,,,0.109123878,41.11788852,,,,0.110747486,41.08461679,,,,0.118372515,41.08612183,660,0.005045,408.6805889,0.143439874,53.5854367,,,,0.111256413,53.58514248
,,,0.109001599,41.74016267,,,,0.10918688,41.74088265,,,,0.110769734,41.70710675,,,,0.118479311,41.7086363,670,0.005047,410.5596705,0.143932074,54.39733574,,,,0.111372046,54.39704152
,,,0.109053485,42.36314496,,,,0.109211333,42.36387975,,,,0.11082609,42.32960161,,,,0.11855793,42.33115077,680,0.00505,412.4058744,0.144410223,55.20922852,,,,0.111479543,55.20893429
,,,0.109074973,42.98612724,,,,0.109229855,42.98687389,,,,0.110878751,42.95209157,,,,0.118643224,42.95366525,690,0.005048,414.221905,0.14487204,56.02112755,,,,0.111587025,56.02083333
,,,0.109110542,43.60911249,,,,0.109281726,43.60987098,,,,0.110913619,43.57458153,,,,0.118737414,43.57617482,700,0.005046,416.0080879,0.145353884,56.83302033,,,,0.111696742,56.83272611
,,,0.109129064,44.23209477,,,,0.109306194,44.23286808,,,,0.110935122,44.19707149,,,,0.11883013,44.19868439,710,0.005053,417.7648488,0.145843878,57.64491311,,,,0.111819796,57.64462515
,,,0.109160937,44.8550741,,,,0.109338053,44.85586222,,,,0.111004099,44.81956145,,,,0.118896127,44.82119886,720,0.005036,419.4896084,0.146313101,58.45681215,,,,0.111913197,58.45651793
,,,0.109218739,45.47805342,,,,0.109373622,45.47885636,,,,0.111018926,45.44205141,,,,0.118960649,45.44371333,730,0.00505,421.1789864,0.146772712,59.26871119,,,,0.11203181,59.26840445
,,,0.109258018,46.10103274,,,,0.109392159,46.10185345,,,,0.111085683,46.06454137,,,,0.11906004,46.0662278,740,0.005048,422.8307792,0.147230074,60.08060397,,,,0.112154119,60.08029723
,,,0.109295078,46.72401206,,,,0.109432913,46.72485055,,,,0.111124247,46.68703133,,,,0.11915794,46.68873737,750,0.005055,424.4426583,0.147674128,60.892503,,,,0.112261601,60.89219
,,,0.109330647,47.34699434,,,,0.109472193,47.34784765,,,,0.111178383,47.30952619,,,,0.119241744,47.31125184,760,0.00505,426.0163762,0.148102582,61.70439578,,,,0.112375759,61.70408278
,,,0.10935881,47.96997367,,,,0.109495156,47.97084475,,,,0.111215472,47.93201615,,,,0.119328514,47.93376632,770,0.005044,427.5535857,0.148530304,62.51629482,,,,0.112478055,62.51598182
,,,0.109386958,48.59295299,,,,0.109522574,48.59384185,,,,0.11124514,48.55450611,,,,0.119404912,48.55628079,780,0.005047,429.0537861,0.148925409,63.32819386,,,,0.112589993,63.3278746
,,,0.109408461,49.21593823,,,,0.109564088,49.21683302,,,,0.111297056,49.17700097,,,,0.11947982,49.17879036,790,0.005047,430.5140725,0.149328679,64.14008664,,,,0.112708606,64.13976738
,,,0.109470703,49.83892052,,,,0.109599657,49.83982716,,,,0.111357123,49.79949093,,,,0.119564369,49.80130483,800,0.005045,431.9367488,0.149705991,64.95198568,,,,0.112827949,64.95166016
,,,0.109487005,50.46190577,,,,0.109610029,50.46282426,,,,0.111345261,50.42198089,,,,0.11965856,50.4238193,810,0.005044,433.3239684,0.150069371,65.7638722,,,,0.112951748,65.76355919
,,,0.109505542,51.08489101,,,,0.109650053,51.08582136,,,,0.111430556,51.04447085,,,,0.119767576,51.04633377,820,0.005053,434.6775341,0.150416285,66.57577123,,,,0.113062941,66.57545197
,,,0.109546296,51.70787034,,,,0.109682657,51.70881845,,,,0.111487657,51.66696081,,,,0.119838789,51.66884824,830,0.005053,435.9985477,0.150760993,67.38767027,,,,0.113175608,67.38735101
,,,0.109575935,52.33085558,,,,0.10971231,52.33181555,,,,0.111536607,52.28945077,,,,0.11994262,52.29135781,,,,0.151101977,68.19956931,,,,0.113285325,68.19924379
,,,0.109584086,52.95384083,,,,0.109749369,52.95481265,,,,0.111568496,52.91194073,,,,0.120039172,52.91387229,,,,0.151393294,69.01146835,,,,0.11341282,69.01114283
,,,0.109633006,53.57682608,,,,0.109781228,53.57781568,,,,0.111642659,53.53443069,,,,0.120101474,53.53638676,,,,0.15171206,69.82336113,,,,0.113535129,69.82303561
,,,0.109655969,54.19981132,,,,0.109822728,54.20081277,,,,0.111698285,54.15692065,,,,0.120219402,54.15890613,,,,0.152011544,70.63526017,,,,0.113654472,70.63492213
,,,0.109693043,54.82279065,,,,0.109847926,54.82380987,,,,0.111747235,54.77941061,,,,0.120329909,54.7814157,,,,0.152282119,71.4471592,,,,0.113780506,71.44682116
,,,0.109705634,55.44576997,,,,0.109859787,55.44680697,,,,0.111802861,55.40190547,,,,0.120375879,55.40393017,,,,0.152559355,72.25905824,,,,0.113898374,72.25871394
,,,0.10975159,56.06875521,,,,0.109907217,56.06980407,,,,0.111855522,56.02439543,,,,0.120498262,56.02644465,,,,0.152811393,73.07095728,,,,0.114023648,73.07061298
,,,0.109766416,56.69173454,,,,0.109935381,56.69280117,,,,0.111931175,56.64688539,,,,0.120613955,56.64895912,,,,0.153065667,73.88285006,,,,0.114144482,73.88251202
,,,0.109811611,57.31471386,,,,0.10997688,57.31579827,,,,0.111942291,57.26937535,,,,0.120671816,57.27147359,,,,0.15331696,74.6947491,,,,0.114272721,74.6944048
,,,0.109847926,57.9376991,,,,0.110003099,57.93879537,,,,0.112030551,57.89186531,,,,0.120779343,57.89398316,,,,0.153550461,75.50664188,,,,0.114406146,75.50630384
,,,0.109865718,58.56068435,,,,0.110007539,58.56179247,,,,0.112077281,58.51435527,,,,0.120878734,58.51649763,,,,0.153764695,76.31854092,,,,0.114515848,76.31819661
,,,0.109917589,59.18366367,,,,0.110051259,59.18478957,,,,0.112124011,59.13684523,,,,0.120958097,59.1390121,,,,0.153985605,77.13043995,,,,0.114653729,77.13009565
,,,0.109938346,59.80664892,,,,0.110092759,59.80778666,,,,0.112195209,59.75933519,,,,0.121104203,59.76152658,,,,0.154182047,77.94233899,,,,0.114770867,77.94199469
,,,0.10997539,60.42962824,,,,0.110114992,60.43078376,,,,0.112225607,60.38182515,,,,0.121193938,60.38403614,,,,0.154402211,78.75423803,,,,0.114905037,78.75388747
,,,0.110006794,61.05261349,,,,0.110153526,61.05378679,,,,0.112288654,61.00431511,,,,0.121249564,61.00654571,,,,0.154593468,79.56613707,,,,0.115028091,79.56577399
,,,0.110026062,61.67559874,,,,0.11018391,61.67678389,,,,0.112376168,61.62680507,,,,0.121377878,61.62906019,,,,0.154801026,80.37803611,,,,0.115151145,80.37767303
,,,0.110047564,62.29858398,,,,0.110212818,62.29978098,,,,0.112451822,62.24929503,,,,0.121452786,62.25157466,,,,0.15497449,81.18992889,,,,0.115301631,81.18956581
,,,0.110075712,62.92156923,,,,0.110236526,62.92277808,,,,0.112472579,62.87178499,,,,0.121578865,62.87408913,,,,0.155150905,82.00182792,,,,0.115437277,82.00146484
,,,0.110094979,63.5445604,,,,0.110270619,63.54577518,,,,0.112557143,63.49427495,,,,0.121713094,63.4965987,,,,0.155347347,82.81372696,,,,0.115561076,82.81336388
,,,0.110139444,64.16753973,,,,0.11031805,64.16877228,,,,0.112616479,64.11676981,,,,0.121756859,64.11911317,,,,0.155516371,83.62561974,,,,0.115695246,83.62525666
,,,0.110164642,64.79052497,,,,0.110341027,64.79176938,,,,0.112684712,64.73925977,,,,0.121874042,64.74162764,,,,0.155667603,84.43751878,,,,0.115824245,84.4371557
,,,0.110202447,65.41350429,,,,0.110355839,65.4147724,,,,0.112732917,65.36174973,,,,0.121965267,65.36413721,,,,0.155835122,85.24941782,,,,0.11595916,85.24904848
,,,0.110218003,66.03648954,,,,0.110395119,66.0377695,,,,0.112818211,65.98423969,,,,0.122081719,65.98665168,,,,0.155998945,86.06131686,,,,0.116099261,86.06094752
,,,0.110255793,66.65946886,,,,0.110434398,66.6607666,,,,0.112864196,66.60672965,,,,0.122201137,66.60916125,,,,0.156161308,86.8732159,,,,0.116254918,86.87284655
,,,0.110284701,67.28244819,,,,0.110449955,67.2837637,,,,0.112932429,67.22921961,,,,0.12231905,67.23167573,,,,0.156336978,87.68511493,,,,0.116392054,87.68473933
,,,0.110325456,67.90543343,,,,0.110487014,67.9067608,,,,0.1129888,67.85170957,,,,0.122405089,67.8541902,,,,0.156500801,88.49701397,,,,0.116512887,88.49663211
,,,0.110360295,68.52841868,,,,0.110538155,68.52976382,,,,0.113048866,68.47419953,,,,0.122515596,68.47669977,,,,0.156655729,89.30890675,,,,0.116672255,89.30853115
,,,0.110388458,69.15140393,,,,0.110561118,69.15276092,,,,0.11312823,69.09668949,,,,0.122614242,69.09921424,,,,0.15680103,90.12079953,,,,0.116791628,90.12043019
,,,0.110429212,69.77438325,,,,0.110592991,69.77575802,,,,0.113213524,69.71918435,,,,0.122725479,69.72172381,,,,0.156959668,90.93269857,,,,0.116951741,90.93232923
,,,0.110444039,70.3973685,,,,0.110618919,70.39875512,,,,0.113247633,70.34167431,,,,0.122838952,70.34423338,,,,0.157116085,91.74459761,,,,0.117098518,91.74422201
,,,0.110489979,71.02035374,,,,0.110655978,71.02175222,,,,0.113326252,70.96416427,,,,0.122945018,70.96674785,,,,0.157279909,92.55649038,,,,0.117229722,92.55612104
,,,0.110532954,71.64333899,,,,0.110692292,71.64474932,,,,0.113410056,71.58665914,,,,0.123048104,71.58926232,,,,0.157443732,93.36838942,,,,0.117368333,93.36802008
,,,0.11054112,72.26631831,,,,0.110724166,72.26774642,,,,0.113483489,72.2091491,,,,0.123158611,72.21177189,,,,0.157595694,94.1802822,,,,0.117508434,94.17991912
,,,0.110592991,72.88930356,,,,0.110747129,72.89074351,,,,0.113565803,72.83163906,,,,0.123292856,72.83428636,,,,0.157778054,94.99218124,,,,0.117676713,94.9918119
,,,0.11062634,73.51228881,,,,0.110792339,73.51373469,,,,0.113643691,73.45412902,,,,0.123387791,73.45679593,,,,0.157928541,95.80408028,,,,0.117813118,95.80371094
,,,0.110660419,74.13527998,,,,0.110830128,74.13673179,,,,0.113698572,74.07661898,,,,0.123542793,74.07931041,,,,0.158096805,96.61597306,,,,0.117965825,96.61560372
,,,0.110685617,74.75826523,,,,0.110874608,74.75972889,,,,0.113807589,74.69910894,,,,0.123622157,74.70182488,,,,0.158245057,97.4278721,,,,0.118124448,97.42749649
,,,0.110731572,75.38124455,,,,0.110898331,75.38272598,,,,0.113876566,75.3215989,,,,0.123760842,75.32433445,,,,0.158436313,98.23976487,,,,0.11827419,98.23939553
,,,0.110772327,76.0042298,,,,0.110942051,76.00572308,,,,0.113933668,75.94408395,,,,0.123860963,75.94684402,,,,0.158606082,99.05165765,,,,0.118422441,99.05128831
,,,0.11080271,76.62720912,,,,0.11097911,76.62872018,,,,0.11404641,76.56657391,,,,0.123986311,76.56935849,,,,0.158776581,99.86355669,,,,0.118578114,99.86318735
,,,0.110838294,77.25019436,,,,0.110996887,77.25171728,,,,0.114110187,77.18906387,,,,0.124099039,77.19187296,,,,0.158957452,100.6754557,,,,0.118713774,100.6750864
,,,0.110862762,77.87317369,,,,0.111030236,77.87470845,,,,0.114205867,77.81154893,,,,0.12420436,77.81438253,,,,0.159150183,101.4873548,,,,0.1188576,101.4869854
,,,0.110907957,78.49615301,,,,0.111077666,78.49770555,,,,0.114300057,78.43403889,,,,0.1243423,78.4368921,,,,0.159328103,102.2992538,,,,0.119034015,102.2988845
,,,0.110943526,79.11914418,,,,0.111111015,79.12070265,,,,0.11437051,79.05652395,,,,0.124449112,79.05940167,,,,0.15952158,103.1111528,,,,0.119194873,103.1107835
,,,0.110991701,79.7421235,,,,0.111156955,79.74369975,,,,0.114470631,79.67901391,,,,0.124578156,79.68191124,,,,0.159691319,103.9230394,,,,0.119350545,103.9226825
,,,0.111040607,80.36510875,,,,0.111216992,80.36669092,,,,0.114561856,80.30150387,,,,0.124696828,80.30443061,,,,0.159885541,104.7349384,,,,0.119492866,104.7345816
,,,0.111077666,80.98808807,,,,0.11124292,80.98968802,,,,0.114659011,80.92399383,,,,0.124808811,80.92694018,,,,0.160090998,105.5468374,,,,0.119647048,105.5464618
,,,0.111119166,81.61107332,,,,0.11128369,81.61268512,,,,0.114757657,81.54647398,,,,0.124933414,81.54944485,,,,0.160271138,106.3587365,,,,0.119814597,106.3583609
,,,0.111175492,82.23405857,,,,0.111320004,82.23568222,,,,0.114884481,82.16896394,,,,0.125093609,82.17196422,,,,0.160494998,107.170623,,,,0.119973965,107.1702599
,,,0.111215502,82.85703789,,,,0.111358538,82.85867339,,,,0.114997223,82.791449,,,,0.125239715,82.7944787,,,,0.160679579,107.982522,,,,0.120122343,107.982159
,,,0.11124441,83.48002313,,,,0.111400038,83.48167049,,,,0.115080282,83.41393896,,,,0.12533316,83.41697846,,,,0.160890117,108.7944211,,,,0.120286912,108.794058
,,,0.111293316,84.10301431,,,,0.111445233,84.10466759,,,,0.115138128,84.03642892,,,,0.125463694,84.03949784,,,,0.161078408,109.6063201,,,,0.120448515,109.605957
,,,0.111342236,84.72599955,,,,0.111504525,84.72766469,,,,0.115266442,84.65891888,,,,0.125628337,84.6620074,,,,0.161303014,110.4182066,,,,0.120625675,110.4178561
,,,0.111391142,85.34897888,,,,0.111538619,85.35065586,,,,0.115400687,85.28140884,,,,0.125744045,85.28451697,,,,0.161515027,111.2301057,,,,0.120780617,111.2297551
,,,0.111437827,85.97196412,,,,0.111543059,85.97365296,,,,0.11552009,85.90388899,,,,0.125875309,85.90703635,,,,0.161729261,112.0419922,,,,0.120951116,112.0416541
,,,0.111494154,86.59494344,,,,0.111627549,86.59665006,,,,0.115623176,86.52637895,,,,0.125998423,86.52954592,,,,0.161951646,112.8538912,,,,0.121126056,112.8535407
,,,0.111536399,87.21792869,,,,0.111673489,87.21964716,,,,0.115756676,87.14886891,,,,0.126158625,87.15205549,,,,0.162173286,113.6657903,,,,0.121282458,113.6654397
,,,0.111580864,87.84090801,,,,0.111717954,87.84264426,,,,0.115850866,87.77135887,,,,0.126266167,87.77456506,,,,0.162398651,114.4776893,,,,0.121444061,114.4773387
,,,0.111637175,88.46389326,,,,0.111775026,88.46564136,,,,0.115998462,88.39383903,,,,0.126421914,88.39708443,,,,0.162621036,115.2895883,,,,0.12160714,115.2892378
,,,0.111674234,89.08687851,,,,0.111818746,89.08863845,,,,0.116138637,89.01632899,,,,0.126572475,89.019594,,,,0.162841931,116.1014749,,,,0.121782839,116.1011368
,,,0.111740187,89.70986376,,,,0.11185728,89.71163555,,,,0.116263226,89.63881895,,,,0.126711905,89.64209377,,,,0.163075447,116.9133739,,,,0.121948153,116.9130359
,,,0.111815035,90.33284308,,,,0.111909896,90.33463265,,,,0.11639154,90.26130891,,,,0.126829088,90.26460334,,,,0.163312659,117.7252729,,,,0.122123823,117.7249224
,,,0.111863941,90.95582832,,,,0.111966223,90.95762975,,,,0.116549507,90.88379887,,,,0.126994476,90.8871129,,,,0.163537264,118.537172,,,,0.122302473,118.5368089
,,,0.111918047,91.57880765,,,,0.112029225,91.58062685,,,,0.116700813,91.50627902,,,,0.127137616,91.50962247,,,,0.16376707,119.349071,,,,0.122463331,119.3487079
,,,0.111976609,92.20179289,,,,0.112064794,92.20362395,,,,0.116840988,92.12876898,,,,0.12731266,92.13213204,,,,0.163998351,120.1609701,,,,0.122642741,120.160607
,,,0.112024769,92.82477221,,,,0.112122595,92.82662105,,,,0.116971523,92.75125894,,,,0.127436519,92.75464161,,,,0.164235562,120.9728691,,,,0.122808039,120.972506
,,,0.112085551,93.44775746,,,,0.112158164,93.44961815,,,,0.117125779,93.3737489,,,,0.127563342,93.37715118,,,,0.164489836,121.7847556,,,,0.122988179,121.784405
,,,0.112136677,94.07074271,,,,0.112221166,94.07261524,,,,0.117300823,93.99623886,,,,0.127745047,93.99966075,,,,0.1647515,122.5966546,,,,0.12316905,122.5963041
,,,0.112219676,94.69372796,,,,0.112275258,94.69560642,,,,0.117468432,94.61871902,,,,0.12786223,94.62217032,,,,0.164984271,123.4085537,,,,0.123336568,123.4082031
,,,0.112268597,95.31670728,,,,0.112344176,95.31860352,,,,0.117659777,95.24120898,,,,0.128064692,95.24467989,,,,0.165231124,124.2204527,,,,0.123515964,124.2201022
,,,0.11233677,95.93969845,,,,0.112392351,95.94160654,,,,0.117852613,95.86369894,,,,0.128199682,95.86718946,,,,0.165488347,125.0323518,,,,0.123692408,125.0320012
,,,0.112395316,96.56267777,,,,0.112446442,96.56459771,,,,0.11800465,96.48617909,,,,0.128382877,96.48968923,,,,0.165738165,125.8442508,,,,0.123862892,125.8439002
,,,0.112474605,97.18566895,,,,0.112516105,97.18760074,,,,0.118178204,97.10866905,,,,0.128526017,97.11218899,,,,0.165996879,126.6561498,,,,0.124053404,126.6557868
,,,0.112535372,97.80864827,,,,0.112579837,97.81059191,,,,0.11837475,97.73115901,,,,0.128695846,97.73469856,,,,0.166245952,127.4680364,,,,0.124228343,127.4676858
,,,0.112620607,98.43163944,,,,0.112632453,98.43359494,,,,0.118610591,98.35364897,,,,0.128857538,98.35720813,,,,0.166505396,128.2799354,,,,0.124411449,128.2795848
,,,0.112684339,99.05461876,,,,0.112697676,99.05658611,,,,0.118794531,98.97612913,,,,0.128998458,98.9797177,,,,0.166756704,129.0918219,,,,0.124604926,129.0914839
,,,0.112764373,99.67760401,,,,0.11277622,99.67959506,,,,0.119011089,99.59861909,,,,0.129203156,99.60221746,,,,0.167054698,129.903721,,,,0.12477839,129.9033829
,,,0.112845153,100.3005774,,,,0.112831071,100.3025803,,,,0.11925213,100.221109,,,,0.129356667,100.224727,,,,0.167304516,130.7156075,,,,0.124978527,130.715282
,,,0.112920001,100.9235627,,,,0.112902209,100.9255893,,,,0.119464979,100.843599,,,,0.129540607,100.8472366,,,,0.167575836,131.5275065,,,,0.125154957,131.527181
,,,0.113003731,101.5465479,,,,0.11295335,101.5485745,,,,0.119696379,101.466089,,,,0.129727498,101.4697462,,,,0.167872339,132.3394055,,,,0.125343248,132.33908
,,,0.113091186,102.1695213,,,,0.113025963,102.1715835,,,,0.119952992,102.0885691,,,,0.129903272,102.0922557,,,,0.168133274,133.1513046,,,,0.125532284,133.1509791
,,,0.113151968,102.7925065,,,,0.113102317,102.7945806,,,,0.120200105,102.7110591,,,,0.130113319,102.7147555,,,,0.168419421,133.9631911,,,,0.125702038,133.9628781
,,,0.113237932,103.4154799,,,,0.113192722,103.4175777,,,,0.120483421,103.333549,,,,0.130282417,103.3372651,,,,0.168712974,134.7750901,,,,0.125899211,134.7747646
,,,0.113334268,104.0384652,,,,0.113256454,104.0405747,,,,0.120761551,103.956039,,,,0.130474508,103.9597746,,,,0.168976143,135.5869892,,,,0.126094177,135.5866637
,,,0.11343728,104.6614504,,,,0.113339454,104.6635837,,,,0.121044867,104.578529,,,,0.130625069,104.5822744,,,,0.169272646,136.3988882,,,,0.126286164,136.3985627
,,,0.113533616,105.2844357,,,,0.113414302,105.2865689,,,,0.121302225,105.2010189,,,,0.130838662,105.2047742,,,,0.169553593,137.2107747,,,,0.126468524,137.2104617
,,,0.113612175,105.9074091,,,,0.113477305,105.9095779,,,,0.121604823,105.8234991,,,,0.131049305,105.8272837,,,,0.169858277,138.0226738,,,,0.126647174,138.0223483
,,,0.113707036,106.5303943,,,,0.113578826,106.532575,,,,0.121923737,106.445989,,,,0.131206542,106.4497835,,,,0.170151204,138.8345728,,,,0.126844361,138.8342473
,,,0.11383079,107.1533914,,,,0.113664046,107.1555721,,,,0.122273065,107.068479,,,,0.131406784,107.0722931,,,,0.170445502,139.6464593,,,,0.127037093,139.6461463
,,,0.113911569,107.7763648,,,,0.113729268,107.7785692,,,,0.122571968,107.690969,,,,0.131627068,107.6947928,,,,0.170767218,140.4583584,,,,0.127240941,140.4580454
,,,0.114001244,108.3993501,,,,0.113814488,108.4015781,,,,0.122903489,108.3134491,,,,0.131785035,108.3173024,,,,0.171057075,141.2702574,,,,0.127440363,141.2699444
,,,0.114125744,109.0223235,,,,0.113921195,109.0245634,,,,0.123286925,108.9359391,,,,0.132029042,108.939812,,,,0.171369895,142.0821565,,,,0.127617523,142.0818309
,,,0.114247292,109.6453206,,,,0.113993824,109.6475723,,,,0.12365701,109.558429,,,,0.132212982,109.5623117,,,,0.171690866,142.894043,,,,0.127836943,142.89373
,,,0.114348814,110.268294,,,,0.114078313,110.2705576,,,,0.124024875,110.180919,,,,0.13242583,110.1848213,,,,0.17199184,143.705942,,,,0.128014117,143.705629
,,,0.114462942,110.8912792,,,,0.114164278,110.8935665,,,,0.124409802,110.8033991,,,,0.132674292,110.8073309,,,,0.172280937,144.517841,,,,0.12821129,144.517528
,,,0.11457929,111.5142763,,,,0.114264339,111.5165518,,,,0.124789529,111.4258891,,,,0.132876024,111.4298307,,,,0.172596738,145.3297401,,,,0.128415897,145.3294146
,,,0.114699349,112.1372497,,,,0.114371046,112.1395489,,,,0.125199661,112.0483791,,,,0.133079231,112.0523402,,,,0.172903627,146.1416391,,,,0.128630862,146.1413136
,,,0.114833474,112.7602349,,,,0.114479989,112.762546,,,,0.125606835,112.670869,,,,0.133334368,112.6748498,,,,0.173216462,146.9535382,,,,0.128827304,146.9532126
,,,0.114960954,113.3832083,,,,0.114568174,113.3855431,,,,0.126034766,113.2933492,,,,0.133563533,113.2973594,,,,0.173549294,147.7654247,,,,0.129020035,147.7651117
,,,0.115090638,114.0061936,,,,0.114694893,114.0085402,,,,0.126430079,113.9158391,,,,0.133778617,113.9198493,,,,0.173849508,148.5773237,,,,0.129225388,148.5770107
,,,0.11523366,114.6291788,,,,0.114789024,114.6315373,,,,0.126895845,114.5383291,,,,0.133999631,114.5423589,,,,0.174168274,149.3892228,,,,0.129419595,149.3889098
,,,0.115381151,115.2521641,,,,0.114896476,115.2545344,,,,0.127343059,115.1608191,,,,0.134245127,115.1648685,,,,0.174481094,150.2011218,,,,0.129630864,150.2007963
,,,0.115510836,115.8751493,,,,0.115023941,115.8775315,,,,0.127785087,115.7832992,,,,0.134486914,115.787378,,,,0.174813211,151.0130208,,,,0.129833236,151.0126953
,,,0.11567387,116.4981346,,,,0.115157336,116.5005167,,,,0.128233805,116.4057892,,,,0.134717569,116.4098876,,,,0.175128251,151.8249199,,,,0.130043894,151.8245944
,,,0.115823567,117.1211198,,,,0.115274414,117.1235257,,,,0.128698081,117.0282791,,,,0.13495712,117.0323972,,,,0.175464809,152.6368189,,,,0.130248502,152.6364809
,,,0.115989581,117.7440932,,,,0.115393743,117.7465109,,,,0.12914826,117.6507691,,,,0.135219678,117.6548969,,,,0.175796896,153.4487054,,,,0.130466431,153.4483799
,,,0.116135567,118.3670785,,,,0.115538999,118.369508,,,,0.12961106,118.2732591,,,,0.13546738,118.2774065,,,,0.176107511,154.2606045,,,,0.130659908,154.2602789
,,,0.116307497,118.9900519,,,,0.115666464,118.9925051,,,,0.13008365,118.895749,,,,0.135712877,118.8999161,,,,0.176456645,155.0725035,,,,0.130885258,155.072178
,,,0.116487592,119.613049,,,,0.115816161,119.6155022,,,,0.130555347,119.518239,,,,0.135976166,119.5224256,,,,0.1767717,155.8844025,,,,0.131086156,155.884077
,,,0.116644695,120.2360224,,,,0.115937695,120.2384875,,,,0.131033733,120.1407191,,,,0.136224627,120.1449352,,,,0.177109733,156.6963016,,,,0.131309286,156.6959886
,,,0.116829962,120.8590076,,,,0.116108879,120.8614964,,,,0.131438687,120.7632091,,,,0.136502743,120.7674448,,,,0.177429974,157.5081881,,,,0.131535366,157.5078876
,,,0.11703302,121.4819929,,,,0.116251171,121.4844817,,,,0.131915569,121.385699,,,,0.136773452,121.3899543,,,,0.177775413,158.3200871,,,,0.131737739,158.3197867
,,,0.117211625,122.1049781,,,,0.116424605,122.1074906,,,,0.132376879,122.0081792,,,,0.137001142,122.0124443,,,,0.178114936,159.1319862,,,,0.13196829,159.1316857
,,,0.117419124,122.7279633,,,,0.116583928,122.7304759,,,,0.132806301,122.6306692,,,,0.137285933,122.6349539,,,,0.17846036,159.9438852,,,,0.132178068,159.9435847
,,,0.117623672,123.3509367,,,,0.116738081,123.353473,,,,0.133239433,123.2531591,,,,0.137529939,123.2574634,,,,0.178788021,160.7557717,,,,0.132393777,160.7554838
,,,0.117838591,123.9739338,,,,0.11690481,123.9764701,,,,0.133648083,123.8756393,,,,0.137867406,123.879973,,,,0.179126054,161.5676708,,,,0.132624313,161.5673828
,,,0.118045345,124.5969072,,,,0.117099717,124.5994672,,,,0.134093091,124.4981292,,,,0.138118833,124.5024826,,,,0.179470763,162.3795698,,,,0.132845238,162.3792819
,,,0.118271381,125.2199043,,,,0.117273867,125.2224643,,,,0.134458721,125.1206192,,,,0.13836357,125.1249824,,,,0.179827318,163.1914689,,,,0.133057982,163.1911809
,,,0.118504077,125.8428777,,,,0.11747396,125.8454614,,,,0.13487035,125.7431092,,,,0.138657272,125.7474919,,,,0.180158049,164.0033554,,,,0.133278877,164.0030799
,,,0.118739754,126.465863,,,,0.1176963,126.4684585,,,,0.135240436,126.3655991,,,,0.138945773,126.3700015,,,,0.180514604,164.8152544,,,,0.133518323,164.814979
,,,0.11897245,127.0888601,,,,0.117886022,127.0914556,,,,0.135613486,126.9880891,,,,0.139232054,126.9925111,,,,0.180854127,165.6271409,,,,0.133742198,165.626878
,,,0.119245157,127.7118335,,,,0.118101671,127.7144527,,,,0.13597542,127.6105692,,,,0.139481276,127.6150108,,,,0.181220323,166.43904,,,,0.133974209,166.4387645
,,,0.119506016,128.3348187,,,,0.118327692,128.3374497,,,,0.136358857,128.2330592,,,,0.13979426,128.2375204,,,,0.181561321,167.250939,,,,0.134222537,167.250651
,,,0.119753554,128.957804,,,,0.11853224,128.9604468,,,,0.136683717,128.8555491,,,,0.140079185,128.86003,,,,0.181922317,168.062838,,,,0.134444922,168.0625501
,,,0.120044351,129.5807892,,,,0.118781984,129.5834439,,,,0.137001142,129.4780391,,,,0.140385494,129.4825395,,,,0.182295203,168.8747246,,,,0.134676963,168.8744491
,,,0.120323732,130.2037745,,,,0.119031727,130.2064292,,,,0.137341559,130.1005291,,,,0.140683636,130.1050295,,,,0.182665095,169.6866236,,,,0.13491343,169.6863482
,,,0.120626092,130.8267597,,,,0.119282216,130.8294381,,,,0.137667149,130.723019,,,,0.140906885,130.7275391,,,,0.183034271,170.4985226,,,,0.135146186,170.4982472
,,,0.120912164,131.4497331,,,,0.119574204,131.4524234,,,,0.137921542,131.3454992,,,,0.1412258,131.3500486,,,,0.18342492,171.3104217,,,,0.135390818,171.3101462
,,,0.12122044,132.0727302,,,,0.11984396,132.0754205,,,,0.138187066,131.9679891,,,,0.141506135,131.9725582,,,,0.183811143,172.1223082,,,,0.135622844,172.1220453
,,,0.121522799,132.6957155,,,,0.120145127,132.6984176,,,,0.138493359,132.5904791,,,,0.141856208,132.5950678,,,,0.184191436,172.9342072,,,,0.135862276,172.9339443
,,,0.121850371,133.3186888,,,,0.120444521,133.3214147,,,,0.138717353,133.2129691,,,,0.142106146,133.2175773,,,,0.184579119,173.7461063,,,,0.136105418,173.7458433
,,,0.122182369,133.9416741,,,,0.120746896,133.9444118,,,,0.138990283,133.835459,,,,0.142387241,133.8400869,,,,0.184986845,174.5579928,,,,0.136333734,174.5577424
,,,0.122530684,134.5646475,,,,0.121070743,134.5674089,,,,0.139197946,134.457949,,,,0.142717272,134.4625965,,,,0.185376003,175.3698918,,,,0.136588752,175.3696414
,,,0.122869372,135.1876327,,,,0.121422753,135.1904178,,,,0.139458284,135.0804389,,,,0.142994657,135.085106,,,,0.185782984,176.1817909,,,,0.136843741,176.1815405
,,,0.123232499,135.810618,,,,0.121777743,135.8134031,,,,0.13965334,135.7029191,,,,0.143263876,135.7076156,,,,0.186203301,176.9936774,,,,0.137100965,176.9934395
,,,0.123631194,136.4336032,,,,0.122151986,136.436412,,,,0.139886215,136.3254091,,,,0.143567964,136.3301252,,,,0.186623603,177.8055764,,,,0.137347087,177.8053385
,,,0.124001011,137.0565885,,,,0.122532904,137.0593973,,,,0.140095502,136.947899,,,,0.143871307,136.9526348,,,,0.187078029,178.6174755,,,,0.137584299,178.6172376
,,,0.124375254,137.6795619,,,,0.122942001,137.6824062,,,,0.140274987,137.570389,,,,0.144156098,137.5751345,,,,0.187515393,179.4293745,,,,0.137846708,179.4291366
,,,0.124779135,138.302559,,,,0.12337552,138.3053915,,,,0.140478939,138.1928789,,,,0.144459441,138.1976343,,,,0.187952012,180.241261,,,,0.138090596,180.2410357
,,,0.125181556,138.9255324,,,,0.123806089,138.9284004,,,,0.140643597,138.8153689,,,,0.144778356,138.8201439,,,,0.188400492,181.0531601,,,,0.138353765,181.0529347
,,,0.125593588,139.5485176,,,,0.124262601,139.5513857,,,,0.140785247,139.4378491,,,,0.145028293,139.4426534,,,,0.18887122,181.8650591,,,,0.138598382,181.8648337
,,,0.126019731,140.171491,,,,0.12473467,140.1743946,,,,0.141009971,140.060339,,,,0.145330146,140.065163,,,,0.189344898,182.6769581,,,,0.138859317,182.6767203
,,,0.126427323,140.7944881,,,,0.125237137,140.7973799,,,,0.141141251,140.682829,,,,0.145608276,140.6876726,,,,0.189836383,183.4888447,,,,0.139098018,183.4886193
,,,0.126851946,141.4174734,,,,0.125732169,141.4203888,,,,0.141338527,141.3053189,,,,0.145895302,141.3101821,,,,0.190339848,184.3007437,,,,0.139356717,184.3005183
,,,0.127301797,142.0404468,,,,0.12626946,142.0433741,,,,0.14145349,141.9278089,,,,0.146157101,141.9326917,,,,0.19084987,185.1126302,,,,0.139615431,185.1124174
,,,0.127747193,142.663432,,,,0.126795635,142.6663712,,,,0.141601816,142.5502989,,,,0.146458954,142.5552013,,,,0.191373214,185.9245167,,,,0.13986896,185.9243039
,,,0.128155529,143.2864172,,,,0.127379611,143.2893683,,,,0.141759783,143.1727888,,,,0.146722242,143.1777108,,,,0.19192028,186.7364158,,,,0.140115917,186.7362029
,,,0.128605366,143.9094025,,,,0.127968788,143.9123654,,,,0.141848043,143.795269,,,,0.146976635,143.8002204,,,,0.192479223,187.5483148,,,,0.140357584,187.548102
,,,0.129049286,144.5323759,,,,0.128550529,144.5353506,,,,0.141993418,144.4177589,,,,0.147224367,144.42273,,,,0.193053722,188.3602013,,,,0.140591085,188.360001
,,,0.129513204,145.155373,,,,0.12917231,145.1583596,,,,0.142120972,145.0402489,,,,0.147518814,145.0452297,,,,0.193623051,189.1721004,,,,0.140846834,189.1719
,,,0.129955634,145.7783464,,,,0.129812598,145.7813448,,,,0.142267093,145.6627388,,,,0.147785068,145.6677295,,,,0.194231644,189.9839994,,,,0.141082555,189.9837991
,,,0.130401313,146.4013316,,,,0.130449474,146.4043419,,,,0.142362759,146.2852288,,,,0.14803575,146.2902391,,,,0.194847673,190.7958984,,,,0.141313106,190.7956981
,,,0.130858555,147.0243169,,,,0.131109044,147.0273272,,,,0.142528147,146.907709,,,,0.148279011,146.9127487,,,,0.195460722,191.6077975,,,,0.141535476,191.6075972
,,,0.131287649,147.6472903,,,,0.131764159,147.6503361,,,,0.142597124,147.5301989,,,,0.148554161,147.5352582,,,,0.196113795,192.419684,,,,0.141765296,192.4194962
,,,0.131715253,148.2702874,,,,0.132420763,148.2733214,,,,0.142734334,148.1526889,,,,0.148778886,148.1577678,,,,0.196763918,193.231583,,,,0.141992122,193.2313952
,,,0.132150277,148.8932608,,,,0.13309738,148.8963185,,,,0.14283891,148.7751788,,,,0.149036989,148.7802774,,,,0.197450355,194.0434821,,,,0.142213032,194.0432943
,,,0.132583812,149.516246,,,,0.133765101,149.5193156,,,,0.142951638,149.3976688,,,,0.149255782,149.4027869,,,,0.198111579,194.8553686,,,,0.14241986,194.8551933
,,,0.132996604,150.1392194,,,,0.134418741,150.1423127,,,,0.143065855,150.0201588,,,,0.149510905,150.0252965,,,,0.198825449,195.6672676,,,,0.142654106,195.6670923
,,,0.13340345,150.7622047,,,,0.135047182,150.7652979,,,,0.143176362,150.6426487,,,,0.149734899,150.6478061,,,,0.199528202,196.4791667,,,,0.142866105,196.4789914
,,,0.133797705,151.3851899,,,,0.135720819,151.388295,,,,0.143269807,151.2651387,,,,0.149980381,151.2703156,,,,0.200260729,197.2910657,,,,0.143061802,197.2908904
,,,0.134194925,152.0081633,,,,0.136350751,152.0112921,,,,0.143389225,151.8876188,,,,0.150174081,151.8928252,,,,0.201013893,198.1029522,,,,0.1432679,198.1027769
,,,0.13458696,152.6311604,,,,0.136966601,152.6342892,,,,0.143467844,152.5101088,,,,0.150406227,152.515325,,,,0.201752961,198.9148513,,,,0.143458396,198.914676
,,,0.134963438,153.2541338,,,,0.137541667,153.2572744,,,,0.143567964,153.1325988,,,,0.150590166,153.1378345,,,,0.202529833,199.7267503,,,,0.143657058,199.726575
,,,0.135343611,153.877119,,,,0.138124168,153.8802834,,,,0.143668085,153.7550887,,,,0.150829718,153.7603441,,,,0.20331189,200.5386368,,,,0.143857956,200.5384866
,,,0.135688215,154.5000924,,,,0.138679996,154.5032686,,,,0.14380084,154.3775787,,,,0.151018843,154.3828537,,,,0.20411621,201.3505359,,,,0.144049942,201.3503856
,,,0.136033565,155.1230895,,,,0.13919653,155.1262657,,,,0.143867597,155.0000686,,,,0.151235402,155.0053632,,,,0.204941273,202.1624349,,,,0.14420785,202.1622847
,,,0.136362612,155.7460629,,,,0.139698252,155.7492628,,,,0.143964007,155.6225586,,,,0.151420817,155.6278728,,,,0.205782637,202.9743339,,,,0.144405767,202.9741837
,,,0.136707202,156.3690482,,,,0.140177995,156.3722599,,,,0.14407526,156.2450486,,,,0.151595116,156.2503824,,,,0.206634387,203.786233,,,,0.144587383,203.7860827
,,,0.136994019,156.9920453,,,,0.140644148,156.9952452,,,,0.144182801,156.8675287,,,,0.151806489,156.872892,,,,0.207534313,204.5981195,,,,0.144755647,204.5979818
,,,0.137288973,157.6150187,,,,0.141073972,157.6182423,,,,0.14426142,157.4900285,,,,0.151999325,157.4954015,,,,0.208446115,205.4100185,,,,0.144953594,205.4098808
,,,0.137608364,158.2380158,,,,0.141497135,158.2412394,,,,0.144371182,158.1124988,,,,0.152166188,158.1179111,,,,0.209367543,206.2219176,,,,0.145110741,206.2217798
,,,0.137869984,158.8609892,,,,0.141881019,158.8642365,,,,0.144466117,158.7349888,,,,0.152361244,158.7404207,,,,0.210331351,207.0338166,,,,0.145287156,207.0336789
,,,0.138123438,159.4839744,,,,0.142208576,159.4872336,,,,0.144570693,159.3574885,,,,0.152524412,159.3629302,,,,0.211287633,207.8456906,,,,0.145476192,207.8455779
,,,0.138382807,160.1069478,,,,0.142568752,160.1102188,,,,0.144648567,159.9799785,,,,0.15269351,159.98543,,,,0.212290585,208.6575896,,,,0.145628154,208.657477
,,,0.138630331,160.7299449,,,,0.142870367,160.7332278,,,,0.144762039,160.6024685,,,,0.152871504,160.6079396,,,,0.213326186,209.4694887,,,,0.145800143,209.469376
,,,0.138860822,161.3529302,,,,0.143157169,161.356213,,,,0.144844368,161.2249584,,,,0.153067306,161.2304491,,,,0.214401066,210.2814002,,,,0.145979524,210.281275
,,,0.139090553,161.9759036,,,,0.143438786,161.9792101,,,,0.144938558,161.8474484,,,,0.15319784,161.8529587,,,,0.215473726,211.0932993,,,,0.146138161,211.0931741
,,,0.139315099,162.5988888,,,,0.143683344,162.6022072,,,,0.14504312,162.4699383,,,,0.153406247,162.4754683,,,,0.216601983,211.9051983,,,,0.146322742,211.9050731
,,,0.139521852,163.2218741,,,,0.143922716,163.2252043,,,,0.145106912,163.0924283,,,,0.153559774,163.0979778,,,,0.217757657,212.7170974,,,,0.146487311,212.7169722
,,,0.139718264,163.8448593,,,,0.144150212,163.8481896,,,,0.145243376,163.7149183,,,,0.153719231,163.7204874,,,,0.218948185,213.5289714,,,,0.146657079,213.5288712
,,,0.139893889,164.4678327,,,,0.144358471,164.4711867,,,,0.145289361,164.3373886,,,,0.153875723,164.342997,,,,0.220144019,214.3408454,,,,0.146817192,214.3407702
,,,0.14008759,165.0908298,,,,0.144538552,165.0941719,,,,0.14541395,164.9598786,,,,0.154035181,164.9655066,,,,0.221381992,215.1527444,,,,0.146979526,215.1526693
,,,0.140240252,165.7138032,,,,0.144721597,165.717169,,,,0.145491093,165.5823685,,,,0.154226527,165.5880161,,,,0.222599939,215.9646434,,,,0.14715299,215.9645683
,,,0.140435889,166.3367884,,,,0.144895017,166.3401543,,,,0.1456016,166.2048585,,,,0.154355571,166.2105257,,,,0.223794162,216.7765425,,,,0.147310883,216.7764673
,,,0.140581891,166.9597737,,,,0.145056576,166.9631514,,,,0.145691335,166.8273485,,,,0.154523194,166.8330353,,,,0.224973574,217.5884415,,,,0.147482872,217.5883664
,,,0.140739739,167.5827471,,,,0.145214438,167.5861366,,,,0.145788491,167.4498384,,,,0.15467672,167.4555448,,,,0.226055875,218.4003405,,,,0.14764224,218.4002654
,,,0.140882775,168.2057442,,,,0.145358205,168.2091337,,,,0.145889357,168.0723284,,,,0.154869556,168.0780544,,,,0.227081075,219.2122396,,,,0.147815704,219.2121645
,,,0.141030252,168.8287176,,,,0.145499006,168.8321308,,,,0.146019146,168.6948183,,,,0.154981554,168.700564,,,,0.228039578,220.0241386,,,,0.147989169,220.0240635
,,,0.141171053,169.4517028,,,,0.145613879,169.4551279,,,,0.146085158,169.3173083,,,,0.155139521,169.3230735,,,,0.228935808,220.8360377,,,,0.148163363,220.8359625
,,,0.141297027,170.0746881,,,,0.145722076,170.0781131,,,,0.146199375,169.9397983,,,,0.155266345,169.9455831,,,,0.229780138,221.6479367,,,,0.148319051,221.6478616
,,,0.141434878,170.6976733,,,,0.14584361,170.7011102,,,,0.146324724,170.5622882,,,,0.15545547,170.5680731,,,,0.230583102,222.4598357,,,,0.14849028,222.4597606
,,,0.141561612,171.3206586,,,,0.145949587,171.3240955,,,,0.146408528,171.1847782,,,,0.155605286,171.1905826,,,,0.231371105,223.2717348,,,,0.148671895,223.2716597
,,,0.141681671,171.9436438,,,,0.146054834,171.9470926,,,,0.146504939,171.8072681,,,,0.155741751,171.8130922,,,,0.232142806,224.0836338,,,,0.148826823,224.0835587
,,,0.14180395,172.5666291,,,,0.146145239,172.5700778,,,,0.146572426,172.4297385,,,,0.155902699,172.4356018,,,,0.232896715,224.8955078,,,,0.148989901,224.8954577
,,,0.141921028,173.1896025,,,,0.146246031,173.1930749,,,,0.146708161,173.0522284,,,,0.156045839,173.0581114,,,,0.233666897,225.7074069,,,,0.149168566,225.7073568
,,,0.142044052,173.8125877,,,,0.146334961,173.816072,,,,0.146817178,173.6747184,,,,0.156193435,173.6806209,,,,0.234425992,226.5193059,,,,0.149323493,226.5192558
,,,0.142145574,174.4355611,,,,0.146433517,174.4390573,,,,0.146922499,174.2972084,,,,0.156382546,174.3031305,,,,0.235204369,227.3312049,,,,0.149511784,227.3311548
,,,0.142257482,175.0585582,,,,0.146497995,175.0620544,,,,0.147021145,174.9196983,,,,0.156527176,174.9256401,,,,0.235989392,228.143104,,,,0.149664477,228.1430539
,,,0.142354563,175.6815316,,,,0.146602482,175.6850396,,,,0.147125706,175.5421883,,,,0.156665862,175.5481496,,,,0.236782581,228.955003,,,,0.149860188,228.9549529
,,,0.142449439,176.3045168,,,,0.146655843,176.3080367,,,,0.147256255,176.1646782,,,,0.156829029,176.1706592,,,,0.237604678,229.766902,,,,0.150010809,229.766852
,,,0.142547265,176.9275139,,,,0.146732166,176.9310101,,,,0.147346005,176.7871682,,,,0.156948447,176.7931688,,,,0.238416404,230.578776,,,,0.150190189,230.578751
,,,0.14264138,177.5504873,,,,0.14680776,177.5540072,,,,0.147475794,177.4096582,,,,0.157102704,177.4156783,,,,0.239256293,231.3906751,,,,0.150368094,231.39065
,,,0.142738461,178.1734726,,,,0.146880388,178.1769925,,,,0.147586301,178.0321481,,,,0.157302961,178.0381879,,,,0.24009259,232.2025741,,,,0.150537103,232.2025491
,,,0.142816275,178.796446,,,,0.146953031,178.7999896,,,,0.147686422,178.6546381,,,,0.157419398,178.6606975,,,,0.240964368,233.0144732,,,,0.15072763,233.0144732
,,,0.142913356,179.4194431,,,,0.147022694,179.4229748,,,,0.147803605,179.277128,,,,0.157610744,179.283207,,,,0.241845772,233.8263472,,,,0.150884047,233.8263722
,,,0.143006727,180.0424165,,,,0.147084191,180.0459719,,,,0.14789632,179.8995984,,,,0.157756105,179.9057166,,,,0.242734596,234.6382462,,,,0.151076034,234.6382712
,,,0.143088236,180.6654017,,,,0.147174612,180.6689453,,,,0.148009792,180.5220884,,,,0.157911852,180.5282262,,,,0.24365826,235.4501452,,,,0.151245043,235.4501703
,,,0.143179402,181.288387,,,,0.147218332,181.2919424,,,,0.148135871,181.1445783,,,,0.158068344,181.1507358,,,,0.244578227,236.2620443,,,,0.151437044,236.2620693
,,,0.143265367,181.9113722,,,,0.147279099,181.9149277,,,,0.148254529,181.7670683,,,,0.15821743,181.7732453,,,,0.245517418,237.0739433,,,,0.151614964,237.0739683
,,,0.143337265,182.5343575,,,,0.147353202,182.5379248,,,,0.148394704,182.3895582,,,,0.158375397,182.3957549,,,,0.246485546,237.8858173,,,,0.151792124,237.8858674
,,,0.143432111,183.1573309,,,,0.147405088,183.1609219,,,,0.14850077,183.0120482,,,,0.158517793,183.0182645,,,,0.247480378,238.6977163,,,,0.15198189,238.6977664
,,,0.143509194,183.7803161,,,,0.14746289,183.7839071,,,,0.148597181,183.6345382,,,,0.158674285,183.640774,,,,0.248466298,239.5096154,,,,0.15215905,239.5096905
,,,0.143578112,184.4032895,,,,0.147539213,184.4069042,,,,0.148746252,184.2570281,,,,0.158843383,184.2632836,,,,0.249467805,240.3215144,,,,0.152339935,240.3215895
,,,0.143661857,185.0262747,,,,0.147603691,185.0298894,,,,0.148856029,184.8795181,,,,0.159015447,184.8857932,,,,0.250527263,241.1334135,,,,0.152518585,241.1334886
,,,0.143749297,185.64926,,,,0.147666678,185.6528984,,,,0.148994714,185.5019884,,,,0.159182325,185.5082831,,,,0.251565814,241.9453125,,,,0.152724668,241.9453876
,,,0.143813774,186.2722334,,,,0.147716329,186.2758718,,,,0.149105221,186.1244784,,,,0.159314334,186.1307927,,,,0.252657771,242.7571865,,,,0.152899608,242.7572867
,,,0.143886402,186.8952186,,,,0.147782296,186.8988807,,,,0.149248362,186.7469683,,,,0.159512371,186.7533023,,,,0.253780097,243.5690855,,,,0.15309532,243.5691857
,,,0.143976808,187.518192,,,,0.147828251,187.521866,,,,0.149349973,187.3694583,,,,0.159667373,187.3758118,,,,0.254947633,244.3809846,,,,0.153264329,244.3810847
,,,0.14404203,188.1411891,,,,0.147920892,188.1448631,,,,0.149489403,187.9919483,,,,0.159855753,187.9983214,,,,0.256196707,245.1928836,,,,0.153469667,245.1929838
,,,0.14412576,188.7641625,,,,0.147977203,188.7678483,,,,0.149631053,188.6144382,,,,0.160001263,188.620831,,,,0.257508814,246.0047827,,,,0.153663144,246.0048828
,,,0.144188762,189.3871478,,,,0.148011297,189.3908454,,,,0.14974156,189.2369086,,,,0.160187423,189.2433405,,,,0.258935839,246.8166817,,,,0.153853655,246.8167819
,,,0.144256204,190.0101212,,,,0.14808096,190.0138307,,,,0.149903253,189.8593985,,,,0.160340205,189.8658501,,,,0.260491163,247.6285557,,,,0.154034525,247.6286809
,,,0.144331053,190.6331183,,,,0.148140237,190.6368278,,,,0.150008559,190.4818885,,,,0.160492241,190.4883597,,,,0.262199134,248.4404547,,,,0.154233932,248.4405799
,,,0.144421473,191.2560917,,,,0.14821361,191.259813,,,,0.150172606,191.1043785,,,,0.160684332,191.1108496,,,,0.264109462,249.2523538,,,,0.154448166,249.252479
,,,0.144498542,191.8790769,,,,0.148269191,191.8828101,,,,0.15030092,191.7268684,,,,0.160843059,191.7333592,,,,0.266238481,250.0642528,,,,0.154623121,250.064403
,,,0.144574136,192.5020503,,,,0.14834848,192.5057954,,,,0.150432184,192.3493584,,,,0.161034405,192.3558688,,,,0.268534303,250.8761518,,,,0.1548329,250.8763021
,,,0.144640088,193.1250356,,,,0.14838925,193.1287925,,,,0.150570139,192.9718287,,,,0.1612124,192.9783784,,,,0.271084517,251.6880509,,,,0.155016735,251.6882011
,,,0.144694179,193.7480327,,,,0.148455203,193.7517777,,,,0.150705859,193.5943187,,,,0.161362961,193.6009075,,,,0.273817658,252.4999499,,,,0.155220598,252.5001002
,,,0.144789785,194.3709942,,,,0.148518935,194.3747748,,,,0.15085049,194.2168086,,,,0.161563948,194.2234171,,,,0.276767313,253.3118239,,,,0.155426681,253.3119992
,,,0.144834995,194.9939913,,,,0.148581177,194.9977719,,,,0.151006237,194.8392986,,,,0.161751583,194.8459267,,,,0.279932678,254.123723,,,,0.155628309,254.1238982
,,,0.144918725,195.6169647,,,,0.148642689,195.6207572,,,,0.151162729,195.4617886,,,,0.161924392,195.4684362,,,,0.283324271,254.935597,,,,0.155821785,254.9357973
,,,0.145000249,196.2399499,,,,0.148719773,196.2437543,,,,0.151323661,196.0842785,,,,0.162132815,196.0909458,,,,0.286951452,255.747496,,,,0.156052321,255.7477214
,,,0.145071387,196.862947,,,,0.148780555,196.8667395,,,,0.151480153,196.7067685,,,,0.162304148,196.7134554,,,,0.290855259,256.559395,,,,0.156247288,256.5596204
,,,0.145149216,197.4859086,,,,0.148850203,197.4897366,,,,0.151634425,197.3292388,,,,0.162464336,197.335965,,,,0.294963568,257.371269,,,,0.156450406,257.3715194
,,,0.145227775,198.1089057,,,,0.148922831,198.1127219,,,,0.151798323,197.9517288,,,,0.162671998,197.9584745,,,,0.299323916,258.1831681,,,,0.156677976,258.1834185
,,,0.145298913,198.7318909,,,,0.148986563,198.735719,,,,0.151926637,198.5742188,,,,0.162850752,198.5809841,,,,0.303843021,258.9950671,,,,0.156875148,258.9953175
,,,0.145358205,199.3548525,,,,0.149059191,199.3587161,,,,0.152117237,199.1967087,,,,0.16300872,199.2034937,,,,0.308535486,259.8069661,,,,0.157069385,259.8072416
,,,0.145443425,199.9778614,,,,0.149142191,199.9817013,,,,0.152280405,199.8191987,,,,0.163226023,199.8259836,,,,0.313386679,260.6188652,,,,0.157282874,260.6191406
,,,0.145506412,200.6008467,,,,0.149199262,200.6046866,,,,0.152439862,200.4416886,,,,0.163412929,200.4484736,,,,0.318382353,261.4307642,,,,0.157503769,261.4310397
,,,0.145586461,201.2238082,,,,0.149278551,201.2276718,,,,0.152614161,201.0641786,,,,0.163605019,201.0709832,,,,0.323492318,262.2426633,,,,0.157700226,262.2429387
,,,0.145655379,201.8468172,,,,0.14935711,201.8506807,,,,0.152781025,201.6866685,,,,0.163802296,201.6934927,,,,0.328645855,263.0545623,,,,0.157915935,263.0548377
,,,0.145745784,202.4697787,,,,0.149414167,202.473666,,,,0.15297015,202.3091585,,,,0.163997352,202.3160023,,,,0.333836615,263.8664613,,,,0.158130914,263.8667368
,,,0.145808771,203.092764,,,,0.149505317,203.0966512,,,,0.153162241,202.9316485,,,,0.164175346,202.9385119,,,,0.339086533,264.6783353,,,,0.158349589,264.6786609
,,,0.14588733,203.7157492,,,,0.149600938,203.7196365,,,,0.153355822,203.5541188,,,,0.164413422,203.5610214,,,,0.344332159,265.4902344,,,,0.158581614,265.4905599
,,,0.145960703,204.3387345,,,,0.149648368,204.3426454,,,,0.153550133,204.1766088,,,,0.164550632,204.183531,,,,0.349585056,266.3021334,,,,0.158804744,266.3024589
,,,0.146041483,204.9617197,,,,0.149738774,204.9656307,,,,0.153729618,204.7990987,,,,0.164768681,204.8060406,,,,0.354863316,267.1140325,,,,0.159014523,267.114358
,,,0.14610745,205.5846812,,,,0.149817333,205.5886159,,,,0.153904647,205.4215887,,,,0.165007502,205.4285501,,,,0.360162288,267.9259315,,,,0.159237668,267.926257
,,,0.146185994,206.2076902,,,,0.14992404,206.2116249,,,,0.154131591,206.0440787,,,,0.165167689,206.0510401,,,,0.365460426,268.7378305,,,,0.159445226,268.738156
,,,0.146257877,206.8306754,,,,0.150007322,206.8346101,,,,0.154308856,206.6665686,,,,0.165393159,206.6735497,,,,0.370763123,269.5497045,,,,0.159677237,269.5500551
,,,0.146343842,207.453637,,,,0.150089592,207.4575954,,,,0.154527649,207.2890586,,,,0.165617883,207.2960592,,,,0.376087934,270.3616036,,,,0.159892946,270.3619541
,,,0.146423876,208.0766222,,,,0.150170371,208.0805569,,,,0.154745698,207.9115485,,,,0.165841863,207.9185688,,,,0.381417334,271.1735026,,,,0.160132512,271.1738532
,,,0.146507621,208.6996312,,,,0.150274113,208.7035659,,,,0.154943734,208.5340385,,,,0.166011706,208.5410784,,,,0.386734039,271.9854016,,,,0.160341561,271.9857522
,,,0.146578029,209.3225927,,,,0.150358602,209.3265511,,,,0.15517661,209.1565285,,,,0.166223079,209.1635683,,,,0.392098308,272.7973007,,,,0.160573572,272.7976512
,,,0.146661028,209.945578,,,,0.150440127,209.9495364,,,,0.155386508,209.7790184,,,,0.166433707,209.7860779,,,,0.397459447,273.6091747,,,,0.160818219,273.6095503
,,,0.146748468,210.5685869,,,,0.150545359,210.5725216,,,,0.155620128,210.4014888,,,,0.166665852,210.4085875,,,,0.402842224,274.4210737,,,,0.161053196,274.4214493
,,,0.146828517,211.1915485,,,,0.150640965,211.1955306,,,,0.155853003,211.0239787,,,,0.166882426,211.0310774,,,,0.408215255,275.2329728,,,,0.161257043,275.2333734
,,,0.146903381,211.8145337,,,,0.150755838,211.8185158,,,,0.156093299,211.6464687,,,,0.167127907,211.653587,,,,0.413580239,276.0448718,,,,0.161495015,276.0452724
,,,0.146992296,212.4374953,,,,0.150854394,212.4415011,,,,0.156370685,212.2689586,,,,0.167362273,212.2760966,,,,0.418945879,276.8567708,,,,0.161735192,276.8571715
,,,0.147073075,213.0605042,,,,0.15095444,213.0644863,,,,0.156591699,212.8914486,,,,0.167562515,212.8985865,,,,0.42432794,277.6686448,,,,0.161953121,277.6690705
,,,0.147146448,213.6834658,,,,0.151054487,213.6874953,,,,0.156857222,213.5139386,,,,0.167807266,213.5210961,,,,0.429678768,278.4805439,,,,0.162185892,278.4809696
,,,0.14724575,214.306451,,,,0.151170835,214.3104805,,,,0.157133862,214.1364285,,,,0.168044597,214.1436057,,,,0.435035616,279.2924429,,,,0.162415698,279.2928686
,,,0.147331715,214.92946,,,,0.151269391,214.9334658,,,,0.15743126,214.7589185,,,,0.168254495,214.7660956,,,,0.44034946,280.1043169,,,,0.162666991,280.1047676
,,,0.147418424,215.5524215,,,,0.151400581,215.5564747,,,,0.157690108,215.3814084,,,,0.168503687,215.3886052,,,,0.445581675,280.9162159,,,,0.162904203,280.9166667
,,,0.147507355,216.1754067,,,,0.15152064,216.17946,,,,0.15798974,216.0038984,,,,0.168708384,216.0111148,,,,0.450730234,281.728115,,,,0.163142905,281.7285657
,,,0.147590354,216.798392,,,,0.1516518,216.8024452,,,,0.158261925,216.6263884,,,,0.168977618,216.6336047,,,,0.455794126,282.540014,,,,0.163380116,282.5404647
,,,0.14768669,217.4213772,,,,0.151758522,217.4254304,,,,0.158606052,217.2488587,,,,0.169206053,217.2560947,,,,0.460674375,283.3519131,,,,0.163629189,283.3523888
,,,0.147774145,218.0443625,,,,0.151874125,218.0484394,,,,0.158910871,217.8713487,,,,0.169440418,217.8786043,,,,0.465389878,284.1637871,,,,0.163870856,284.1642879
,,,0.147879392,218.6673477,,,,0.152018636,218.6714246,,,,0.159209028,218.4938386,,,,0.169705942,218.5010942,,,,0.470032156,284.9756861,,,,0.164116964,284.9761869
,,,0.147972763,219.2903093,,,,0.152126089,219.2944099,,,,0.159539059,219.1163286,,,,0.169952914,219.1235842,,,,0.474595696,285.7875851,,,,0.164367512,285.7880859
,,,0.148072809,219.9133182,,,,0.152262464,219.9173951,,,,0.159886897,219.7387989,,,,0.170208916,219.7460938,,,,0.479231179,286.5994842,,,,0.164604738,286.599985
,,,0.148165435,220.5362798,,,,0.152426243,220.5404041,,,,0.16020523,220.3612889,,,,0.170491487,220.3685837,,,,0.484046876,287.4113582,,,,0.164864182,287.411884
,,,0.148264751,221.159265,,,,0.152553707,221.1633893,,,,0.160591632,220.9837789,,,,0.170765907,220.9910933,,,,0.489116788,288.2232572,,,,0.165101394,288.2237831
,,,0.148352936,221.782274,,,,0.152713776,221.7863746,,,,0.160946146,221.6062688,,,,0.171015099,221.6135832,,,,0.494547069,289.0351563,,,,0.165359363,289.0356821
,,,0.148441121,222.4052355,,,,0.152859032,222.4093598,,,,0.161388919,222.2287392,,,,0.17134811,222.2360732,,,,0.500279784,289.8470553,,,,0.165608436,289.8476062
,,,0.148546353,223.0282208,,,,0.153015405,223.0323688,,,,0.161751583,222.8512291,,,,0.171611398,222.8585632,,,,0.506294966,290.6589543,,,,0.165877521,290.6595052
,,,0.148638248,223.6511823,,,,0.153179199,223.655354,,,,0.162186965,223.4737191,,,,0.171887293,223.4810727,,,,0.512443602,291.4708283,,,,0.16613847,291.4714042
,,,0.148767203,224.2741913,,,,0.153313324,224.2783393,,,,0.162614897,224.0962091,,,,0.172128335,224.1035823,,,,0.518686235,292.2827274,,,,0.166386798,292.2833033
,,,0.148846507,224.8971765,,,,0.15349786,224.9013245,,,,0.16305618,224.718699,,,,0.172449484,224.7260723,,,,0.52499789,293.0946264,,,,0.166649207,293.0952023
,,,0.1489636,225.520138,,,,0.153662369,225.5243335,,,,0.163539752,225.3411694,,,,0.172728345,225.3485818,,,,0.531389773,293.9065254,,,,0.166907191,293.9070763
,,,0.149061412,226.143147,,,,0.153861716,226.1473187,,,,0.164004773,225.9636593,,,,0.173022047,225.9710914,,,,0.537978649,294.7183994,,,,0.167169601,294.7189754
,,,0.149194807,226.7661322,,,,0.154032186,226.770304,,,,0.164539516,226.5861493,,,,0.173305362,226.5935814,,,,0.544735968,295.5302985,,,,0.167435735,295.5308994
,,,0.149304494,227.3890938,,,,0.154238209,227.3933129,,,,0.165030494,227.2086196,,,,0.173621297,227.2160909,,,,0.551776409,296.3421975,,,,0.167704821,296.3427985
,,,0.149406016,228.012079,,,,0.154408649,228.0162982,,,,0.165570423,227.8311096,,,,0.173912033,227.8385809,,,,0.559089482,297.1540966,,,,0.16796501,297.1546975
,,,0.149511248,228.635088,,,,0.154619113,228.6392597,,,,0.166141495,228.4535996,,,,0.174220562,228.4610905,,,,0.566663027,297.9659706,,,,0.168256342,297.9665966
,,,0.149640948,229.2580732,,,,0.154812545,229.262245,,,,0.166728899,229.0760895,,,,0.174533546,229.0835804,,,,0.57444489,298.7778696,,,,0.168535799,298.7784956
,,,0.149784714,229.8810348,,,,0.15503487,229.8852539,,,,0.167312577,229.6985795,,,,0.174816862,229.70609,,,,0.582532167,299.5897686,,,,0.168812305,299.5903946
,,,0.149901807,230.5040437,,,,0.15525201,230.5082392,,,,0.167898491,230.3210498,,,,0.175149873,230.3285996,,,,0.590928495,300.4016426,,,,0.169096217,300.4023187
,,,0.150051787,231.1270053,,,,0.155474335,231.1312244,,,,0.168525204,230.9435398,,,,0.175459877,230.9510895,,,,0.599678457,301.2135166,,,,0.169381618,301.2142177
,,,0.150170371,231.7499905,,,,0.155720383,231.7542096,,,,0.169184551,231.5660297,,,,0.175798833,231.5735991,,,,0.60870713,302.0254157,,,,0.1696648,302.0261168
,,,0.150294125,232.3729758,,,,0.155973837,232.3772186,,,,0.169814959,232.1885197,,,,0.17608808,232.1961087,,,,0.618096232,302.8373147,,,,0.169973165,302.8380158
,,,0.150452733,232.9959847,,,,0.156233951,233.0002038,,,,0.170453668,232.8109901,,,,0.176404029,232.8185986,,,,0.627789974,303.6492137,,,,0.170272782,303.6499149
,,,0.150591314,233.6189463,,,,0.15648593,233.6231654,,,,0.171110779,233.43348,,,,0.176743716,233.4411082,,,,0.63783586,304.4610877,,,,0.170570791,304.4618139
,,,0.150745451,234.2419315,,,,0.156758651,234.2461743,,,,0.171800524,234.05597,,,,0.177060395,234.0636178,,,,0.648298323,305.2729868,,,,0.170866549,305.273738
,,,0.150897369,234.8649168,,,,0.157026172,234.8691596,,,,0.172476918,234.6784599,,,,0.177394152,234.6861077,,,,0.65921396,306.0848858,,,,0.171172723,306.085637
,,,0.15103966,235.487902,,,,0.157304093,235.4921448,,,,0.173151091,235.3009303,,,,0.177737534,235.3086173,,,,0.670613587,306.8967849,,,,0.171469972,306.8975361
,,,0.151209369,236.1108872,,,,0.157607198,236.1151301,,,,0.173808202,235.9234202,,,,0.178083152,235.9311269,,,,0.682530701,307.7086839,,,,0.171799108,307.7094351
,,,0.151363522,236.7338488,,,,0.157908067,236.738139,,,,0.174506098,236.5459102,,,,0.17843248,236.5536168,,,,0.695134223,308.5205579,,,,0.172118604,308.5213341
,,,0.151545838,237.3568577,,,,0.158248976,237.3611243,,,,0.175140232,237.1684002,,,,0.178784028,237.1761264,,,,0.708448827,309.3324569,,,,0.172437355,309.3332332
,,,0.151706651,237.9798193,,,,0.158578753,237.9841095,,,,0.175839633,237.7908901,,,,0.179161534,237.7986163,,,,0.722638965,310.144356,,,,0.172774643,310.1451322
,,,0.15187338,238.6028045,,,,0.158915207,238.6070948,,,,0.176559776,238.4133605,,,,0.179482669,238.4211259,,,,0.737903297,310.956255,,,,0.173101544,310.9570563
,,,0.15205051,239.2257898,,,,0.159267232,239.2301037,,,,0.17723617,239.0358504,,,,0.179882422,239.0436355,,,,0.754304886,311.768129,,,,0.173450708,311.7689553
,,,0.152240977,239.848775,,,,0.159649625,239.853089,,,,0.177917764,239.6583404,,,,0.180240035,239.6661254,,,,0.771851182,312.580028,,,,0.173786506,312.5808544
,,,0.152438849,240.4717603,,,,0.160025656,240.4760742,,,,0.178626046,240.2808304,,,,0.180628672,240.288635,,,,0.790422857,313.3919271,,,,0.174147516,313.3927534
,,,0.152615219,241.0947218,,,,0.160441399,241.0990595,,,,0.179339528,240.9033007,,,,0.180992827,240.9111446,,,,0.809882462,314.2038011,,,,0.174504071,314.2046524
,,,0.152817532,241.7177308,,,,0.16084975,241.7220684,,,,0.180044234,241.5257907,,,,0.181404442,241.5336345,,,,0.830206811,315.0157001,,,,0.174865842,315.0165515
,,,0.152996868,242.340716,,,,0.161312923,242.3450537,,,,0.180800736,242.1482806,,,,0.181812361,242.1561441,,,,0.851516366,315.8275992,,,,0.175234258,315.8284756
,,,0.153224394,242.9636776,,,,0.161753863,242.9680389,,,,0.181557223,242.7707706,,,,0.182206929,242.7786341,,,,0.873725295,316.6394982,,,,0.17561157,316.6403746
,,,0.153418556,243.5866628,,,,0.162242979,243.5910479,,,,0.182334512,243.3932605,,,,0.182600766,243.4011436,,,,0.896874964,317.4513722,,,,0.175995573,317.4522486
,,,0.153655708,244.2096718,,,,0.162749156,244.2140094,,,,0.183115482,244.0157505,,,,0.183037594,244.0236532,,,,0.921086371,318.2632712,,,,0.176394373,318.2641476
,,,0.15384987,244.8326333,,,,0.163287178,244.8369947,,,,0.183949843,244.6382209,,,,0.183443293,244.6461432,,,,0.946363866,319.0751703,,,,0.176795423,319.0760467
,,,0.154095173,245.4556186,,,,0.163850397,245.4599799,,,,0.184773833,245.2607108,,,,0.183886796,245.2686527,,,,0.972723961,319.8870693,,,,0.177197933,319.8879708
,,,0.154336765,246.0786275,,,,0.164429203,246.0829889,,,,0.185659379,245.8832008,,,,0.184360728,245.8911427,,,,1.000423908,320.6989433,,,,0.177607134,320.6998698
,,,0.154593185,246.701589,,,,0.165046528,246.7059741,,,,0.186561242,246.5056907,,,,0.184803501,246.5136327,,,,1.02953732,321.5108423,,,,0.178040043,321.5117688
,,,0.154842943,247.3245743,,,,0.165671274,247.3289593,,,,0.187540233,247.1281807,,,,0.185267031,247.1361422,,,,1.060237646,322.3227414,,,,0.178478152,322.3236679
,,,0.155097127,247.9475595,,,,0.16634047,247.9519446,,,,0.188471019,247.750651,,,,0.185740218,247.7586518,,,,1.092643976,323.1346404,,,,0.178907365,323.1355669
,,,0.155366138,248.5705448,,,,0.167035609,248.5749535,,,,0.189471528,248.373141,,,,0.186241582,248.3811418,,,,1.126985908,323.9465395,,,,0.179369926,323.947491
,,,0.155657396,249.19353,,,,0.16774261,249.1979388,,,,0.190541893,248.995631,,,,0.186753333,249.0036513,,,,1.1634835,324.7584135,,,,0.179836214,324.75939
,,,0.155933812,249.8164916,,,,0.168511853,249.820924,,,,0.191612855,249.6181209,,,,0.187239856,249.6261609,,,,1.202589273,325.5703125,,,,0.180294454,325.5712891
,,,0.156255439,250.4395005,,,,0.169256657,250.4439093,,,,0.192762434,250.2405913,,,,0.18778795,250.2486509,,,,1.245095253,326.3822115,,,,0.180770352,326.3831881
,,,0.156567454,251.0624858,,,,0.170039535,251.0669182,,,,0.193895683,250.8630812,,,,0.188331574,250.8711604,,,,1.292324185,327.1941106,,,,0.181272209,327.1950871
,,,0.156889081,251.685471,,,,0.170870289,251.6899035,,,,0.195081621,251.4855712,,,,0.188889325,251.49367,,,,1.345459938,328.0060096,,,,0.181777775,328.0069862
,,,0.15723294,252.3084326,,,,0.171683267,252.3128887,,,,0.196243063,252.1080612,,,,0.189475238,252.11616,,,,1.404748917,328.8178836,,,,0.182287782,328.8188852
,,,0.157576814,252.9314415,,,,0.172517732,252.9358977,,,,0.197415635,252.7305511,,,,0.190084293,252.7386695,,,,1.469044328,329.6297827,,,,0.182808906,329.6308093
,,,0.157944381,253.5544268,,,,0.173341826,253.5588829,,,,0.19860822,253.3530411,,,,0.190643504,253.3611791,,,,1.537157059,330.4416817,,,,0.18333894,330.4427083
,,,0.158331975,254.177412,,,,0.174161464,254.1818682,,,,0.199729607,253.9755114,,,,0.191279843,253.9836691,,,,1.608428597,331.2535807,,,,0.183895648,331.2546074
,,,0.158731416,254.8003736,,,,0.174984083,254.8048534,,,,0.20087266,254.5980014,,,,0.19189468,254.6061786,,,,1.68342495,332.0654547,,,,0.18445681,332.0665064
,,,0.159158289,255.4233825,,,,0.175787434,255.4278624,,,,0.202019274,255.2204913,,,,0.192539185,255.2286686,,,,1.762993693,332.8773538,,,,0.185020193,332.8784054
,,,0.159591824,256.0463678,,,,0.176581874,256.0508476,,,,0.203148827,255.8429813,,,,0.193216324,255.8511782,,,,1.847423911,333.6892528,,,,0.185579136,333.6903045
,,,0.160047889,256.6693293,,,,0.17737855,256.6738329,,,,0.204236835,256.4654713,,,,0.193894953,256.4736877,,,,1.937166333,334.5011518,,,,0.186186999,334.5022286
,,,0.160519943,257.2923383,,,,0.178147793,257.2968181,,,,0.205409408,257.0879612,,,,0.194601029,257.0961777,,,,2.032911777,335.3130509,,,,0.186782241,335.3141276
,,,0.161015749,257.9153235,,,,0.178944468,257.9198271,,,,0.206544161,257.7104512,,,,0.195296705,257.7186872,,,,2.132818222,336.1249499,,,,0.187411606,336.1260266
,,,0.161529317,258.538285,,,,0.179747075,258.5428123,,,,0.207693741,258.3329215,,,,0.196032435,258.3411968,,,,2.233074188,336.936849,,,,0.188040227,336.9379257
,,,0.162049562,259.1612703,,,,0.180543274,259.1657976,,,,0.208893001,258.9554115,,,,0.196790412,258.9636868,,,,2.330123901,337.748723,,,,0.188679963,337.7498247
,,,0.162588343,259.7842792,,,,0.18139182,259.7887828,,,,0.210125059,259.5779014,,,,0.197547644,259.5861963,,,,2.423866749,338.560622,,,,0.189350829,338.5617488
,,,0.163150087,260.4072408,,,,0.182205528,260.4117918,,,,0.211406648,260.2003914,,,,0.198307112,260.2086863,,,,,,,,,0.190021828,339.3736478
,,,0.163751841,261.030226,,,,0.183087423,261.034777,,,,0.212705314,260.8228814,,,,0.19906953,260.8311959,,,,,,,,,0.190722346,340.1855218
,,,0.164340273,261.653235,,,,0.184020475,261.6577622,,,,0.21408999,261.4453713,,,,0.199919477,261.4537054,,,,,,,,,0.19142437,340.9974209
,,,0.164964274,262.2761965,,,,0.184966102,262.2807475,,,,0.215574056,262.0678417,,,,0.200725079,262.0761954,,,,,,,,,0.192156762,341.8093199
,,,0.165606797,262.8991818,,,,0.18600139,262.9037564,,,,0.217104852,262.6903512,,,,0.20156908,262.698705,,,,,,,,,0.192886204,342.621244
,,,0.166250795,263.522167,,,,0.187060416,263.5267417,,,,0.218623787,263.3128412,,,,0.202399746,263.3212145,,,,,,,,,0.193663076,343.433143
,,,0.166899994,264.145176,,,,0.18823801,264.1497269,,,,0.22022219,263.9353312,,,,0.203277871,263.9437045,,,,,,,,,0.194441438,344.2450421
,,,0.167574376,264.7681375,,,,0.189437836,264.7727359,,,,0.22178933,264.5578211,,,,0.204167128,264.5662141,,,,,,,,,0.195236102,345.0569411
,,,0.168248028,265.3911228,,,,0.190752819,265.3957211,,,,0.22321111,265.1802915,,,,0.205049694,265.1887236,,,,,,,,,0.196058944,345.8688401
,,,0.168921679,266.014108,,,,0.192176461,266.0187064,,,,0.224418536,265.8027814,,,,0.205961943,265.8112136,,,,,,,,,0.196901053,346.6807392
,,,0.169603497,266.6370933,,,,0.193666786,266.6416916,,,,0.225340411,266.4252714,,,,0.206863075,266.4337232,,,,,,,,,0.197758719,347.4926382
,,,0.170269266,267.2600785,,,,0.195277914,267.2647006,,,,0.226038322,267.0477614,,,,0.207818344,267.0562327,,,,,,,,,0.198643103,348.3045373
,,,0.17092143,267.8830638,,,,0.196958721,267.8876858,,,,0.226607919,267.6702513,,,,0.20878695,267.6787227,,,,,,,,,0.199543029,349.1164613
,,,0.171575069,268.506049,,,,0.19866915,268.5106711,,,,0.227025479,268.2927217,,,,0.209774092,268.3012323,,,,,,,,,0.200470522,349.9283604
,,,0.172213152,269.1290342,,,,0.200377658,269.1336563,,,,0.227411881,268.9152116,,,,0.210775495,268.9237222,,,,,,,,,0.201394171,350.7402594
,,,0.172870502,269.7520195,,,,0.202027321,269.7566416,,,,0.227766395,269.5377016,,,,0.211804911,269.5462318,,,,,,,,,0.202354893,351.5521585
,,,0.173508584,270.374981,,,,0.20359771,270.3796268,,,,0.228106081,270.1601915,,,,0.212832138,270.1687218,,,,,,,,,0.203344509,352.3640575
,,,0.174144417,270.99799,,,,0.20513843,271.0026121,,,,0.228419065,270.7826815,,,,0.213891968,270.7912117,,,,,,,,,0.204326734,353.1759816
,,,0.17478399,271.6209752,,,,0.206651747,271.6255973,,,,0.228719443,271.4051519,,,,0.215021521,271.4137213,,,,,,,,,0.205350474,353.9878806
,,,0.175445035,272.2439368,,,,0.208207309,272.2486063,,,,0.229024261,272.0276418,,,,0.216095448,272.0362113,,,,,,,,,0.206371218,354.7997796
,,,0.176114246,272.8669457,,,,0.209836215,272.8715915,,,,0.229333535,272.6501318,,,,0.217253923,272.6587208,,,,,,,,,0.20741497,355.6116787
,,,0.176787153,273.489931,,,,0.211592153,273.4945768,,,,0.229668766,273.2726217,,,,0.218455419,273.2812304,,,,,,,,,0.208494306,356.4235777
,,,0.177480072,274.1129162,,,,0.213487133,274.1175857,,,,0.230011418,273.8951117,,,,0.219625026,273.9037204,,,,,,,,,0.209571406,357.2354768
,,,0.178186327,274.7358778,,,,0.215513274,274.740571,,,,0.230376452,274.5176017,,,,0.220851123,274.5262299,,,,,,,,,0.210695326,358.0473758
,,,0.17891705,275.3588867,,,,0.217684671,275.3635562,,,,0.230678305,275.140072,,,,0.222110465,275.1487199,,,,,,,,,0.211848795,358.8592999
,,,0.179689258,275.9818483,,,,0.219982803,275.9865415,,,,0.231038004,275.762562,,,,0.223402455,275.7712294,,,,,,,,,0.213018551,359.6711989
,,,0.180490658,276.6048335,,,,0.222334564,276.6095504,,,,0.231399938,276.3850519,,,,0.224712968,276.393739,,,,,,,,,0.214209825,360.483098
,,,0.181308821,277.2278425,,,,0.224600837,277.2325356,,,,0.231775224,277.0075419,,,,0.225984186,277.016229,,,,,,,,,0.215447783,361.294997
,,,0.182188481,277.850804,,,,0.226662546,277.8555209,,,,0.232154205,277.6300318,,,,0.227280602,277.6387385,,,,,,,,,0.216716871,362.106896
,,,0.183094844,278.4737893,,,,0.228313714,278.4785061,,,,0.232528001,278.2525022,,,,0.228572592,278.2612285,,,,,,,,,0.218033418,362.9187951
,,,0.184053078,279.0967745,,,,0.229502439,279.1015151,,,,0.232949272,278.8749922,,,,0.229823783,278.8837381,,,,,,,,,0.219368502,363.7306941
,,,0.185063913,279.7197597,,,,0.230247527,279.7245003,,,,0.233357206,279.4974821,,,,0.231041715,279.5062476,,,,,,,,,0.220748186,364.5425931
,,,0.18613407,280.342745,,,,0.230724782,280.3474856,,,,0.233810365,280.1199721,,,,0.232116386,280.1287376,,,,,,,,,0.222143307,365.3544922
,,,0.187285706,280.9657302,,,,0.23105979,280.9704708,,,,0.234278366,280.742462,,,,0.233202934,280.7512472,,,,,,,,,0.223544359,366.1663912
,,,0.188496649,281.5887155,,,,0.231314719,281.5934798,,,,0.234743357,281.364952,,,,0.234150797,281.3737567,,,,,,,,,0.224909812,366.9782903
,,,0.189747617,282.2117007,,,,0.231523693,282.216465,,,,0.235229164,281.9874223,,,,0.235062271,281.9962467,,,,,,,,,0.226253793,367.7901893
,,,0.191091493,282.834686,,,,0.23172006,282.8394503,,,,0.235760212,282.6099123,,,,0.235906333,282.6187563,,,,,,,,,0.227502137,368.6020883
,,,0.192466214,283.4576712,,,,0.231904596,283.4624355,,,,0.236288279,283.2324023,,,,0.23670733,283.2412658,,,,,,,,,0.228628904,369.4139874
,,,0.193857983,284.0806565,,,,0.232100278,284.0854208,,,,0.236874938,283.8548922,,,,0.237453431,283.8637558,,,,,,,,,0.229640782,370.2259115
,,,0.195251241,284.7036417,,,,0.232296646,284.708406,,,,0.237504601,284.4773822,,,,0.238147616,284.4862654,,,,,,,,,0.230505273,371.0378105
,,,0.196632639,285.326627,,,,0.232478976,285.3313913,,,,0.238217324,285.0998721,,,,0.238896698,285.1087553,,,,,,,,,0.231283635,371.8497095
,,,0.197942138,285.9495885,,,,0.232664227,285.9544002,,,,0.238999039,285.7223425,,,,0.239525616,285.7312649,,,,,,,,,0.232007891,372.6616086
,,,0.199188665,286.5725975,,,,0.232876927,286.5773855,,,,0.239906102,286.3448325,,,,0.240208104,286.3537745,,,,,,,,,0.232638717,373.4735076
,,,0.200421393,287.1955827,,,,0.233085901,287.2003707,,,,0.24095349,286.9673224,,,,0.240849629,286.9762644,,,,,,,,,0.233262897,374.2854067
,,,0.201653823,287.8185443,,,,0.233289719,287.823356,,,,0.242222473,287.5898124,,,,0.241459295,287.598774,,,,,,,,,0.233866304,375.0973057
,,,0.202888489,288.4415532,,,,0.233532071,288.4463649,,,,0.243705794,288.2122827,,,,0.242123082,288.221264,,,,,,,,,0.234473437,375.9092298
,,,0.20416835,289.0645385,,,,0.233755112,289.0693502,,,,0.245565161,288.8347727,,,,0.242757931,288.8437735,,,,,,,,,0.235044986,376.7211288
,,,0.205509722,289.6875,,,,0.234040439,289.6923354,,,,0.247918442,289.4572626,,,,0.243379459,289.4662635,,,,,,,,,0.235634297,377.5330278
,,,0.206956342,290.3104852,,,,0.234288692,290.3153207,,,,0.250842214,290.0797526,,,,0.244010612,290.0887731,,,,,,,,,0.236234039,378.3449269
,,,0.208470389,290.9334705,,,,0.234582931,290.9383296,,,,0.254408866,290.7022426,,,,0.244670674,290.7112826,,,,,,,,,0.236847073,379.1568259
,,,0.210090712,291.5564557,,,,0.23488456,291.5613149,,,,0.258651197,291.3247129,,,,0.245337442,291.3337726,,,,,,,,,0.237458646,379.968725
,,,0.211798921,292.179441,,,,0.235203207,292.1843001,,,,0.263407618,291.9472029,,,,0.245982721,291.9562822,,,,,,,,,0.238099128,380.780649
,,,0.2135894,292.8024262,,,,0.23553893,292.8072853,,,,0.268552542,292.5696928,,,,0.246652439,292.5787721,,,,,,,,,0.238755912,381.5925481
,,,0.215442866,293.4254115,,,,0.235910237,293.4302706,,,,0.273857832,293.1921828,,,,0.247329578,293.2012621,,,,,,,,,0.239403069,382.4044471
,,,0.217342287,294.0483967,,,,0.236310422,294.0532558,,,,0.27908653,293.8146531,,,,0.248062328,293.8237716,,,,,,,,,0.240080729,383.2163462
,,,0.21921578,294.671382,,,,0.236727655,294.6762411,,,,0.284188598,294.4371431,,,,0.248742446,294.4462616,,,,,,,,,0.240779802,384.0282452
,,,0.22102803,295.2943909,,,,0.237216026,295.29925,,,,0.289215565,295.0596331,,,,0.249482617,295.0687712,,,,,,,,,0.241463289,384.8401442
,,,0.222671032,295.9173525,,,,0.237716258,295.9222353,,,,0.294219732,295.682123,,,,0.250270396,295.6912611,,,,,,,,,0.242190465,385.6520433
,,,0.224039093,296.5403377,,,,0.23831138,296.5452205,,,,0.299228191,296.3045934,,,,0.251067698,296.3137511,,,,,,,,,0.242917702,386.4639673
,,,0.225081801,297.163323,,,,0.238957584,297.1682058,,,,0.304369539,296.9270833,,,,0.251919866,296.9362411,,,,,,,,,0.24365826,387.2758664
,,,0.225807339,297.7863319,,,,0.239700913,297.7912147,,,,0.309581965,297.5495733,,,,0.252779454,297.5587506,,,,,,,,,0.244415864,388.0877404
,,,0.226337224,298.4093172,,,,0.240553483,298.4142,,,,0.314896166,298.1720633,,,,0.253713936,298.1812406,,,,,,,,,0.245206818,388.8996394
,,,0.226704061,299.0322787,,,,0.241569534,299.0371852,,,,0.320314109,298.7945532,,,,0.254711479,298.8037502,,,,,,,,,0.245998546,389.7115385
,,,0.227030888,299.6552877,,,,0.242797509,299.6601705,,,,0.325822473,299.4170236,,,,0.255775034,299.4262401,,,,,,,,,0.246808037,390.5234375
,,,0.22730656,300.2782729,,,,0.244285628,300.2831794,,,,0.331367284,300.0395135,,,,0.256926119,300.0487497,,,,,,,,,0.24763535,391.3353616
,,,0.227547422,300.9012582,,,,0.246178374,300.9061647,,,,0.336968362,300.6620035,,,,0.258152068,300.6712396,,,,,,,,,0.248503372,392.1472606
,,,0.227770492,301.5242434,,,,0.248642519,301.5291499,,,,0.342637748,301.2844934,,,,0.259412885,301.2937492,,,,,,,,,0.249392197,392.9591597
,,,0.228023201,302.1472524,,,,0.251928806,302.1521589,,,,0.348312974,301.9069834,,,,0.26085186,301.9162392,,,,,,,,,0.2502819,393.7710587
,,,0.228220344,302.7702139,,,,0.256403536,302.7751441,,,,0.354044706,302.5294538,,,,0.26236707,302.5387487,,,,,,,,,0.251249284,394.5829577
,,,0.228416726,303.3931991,,,,0.262355596,303.3981294,,,,0.359768867,303.1519437,,,,0.263952732,303.1612387,,,,,,,,,0.252210021,395.3948568
,,,0.22863239,304.0161844,,,,0.269786566,304.0211146,,,,0.365540683,303.7744337,,,,0.26568678,303.7837483,,,,,,,,,0.253247082,396.2067558
,,,0.228823602,304.6391933,,,,0.278519154,304.6440999,,,,0.371319115,304.3969236,,,,0.267610639,304.4062382,,,,,,,,,0.254349411,397.0186548
,,,0.229036286,305.2621786,,,,0.288287103,305.2670851,,,,0.377065539,305.0194136,,,,0.269762933,305.0287478,,,,,,,,,0.255516201,397.8305789
,,,0.229253426,305.8851638,,,,0.298920691,305.8900704,,,,0.382882535,305.6418839,,,,0.272207588,305.6512378,,,,,,,,,0.25680238,398.642478
,,,0.229487628,306.5081491,,,,0.310354203,306.5130556,,,,0.388646007,306.2643739,,,,0.274999976,306.2737277,,,,,,,,,0.258241951,399.454377
,,,0.229663253,307.131158,,,,0.322636753,307.1360645,,,,0.394408137,306.8868639,,,,0.278236598,306.8962373,,,,,,,,,0.259910643,400.266276
,,,0.229872242,307.7541433,,,,0.335750788,307.7590498,,,,0.400114655,307.5093538,,,,0.28203851,307.5187273,,,,,,,,,0.261864811,401.0781751
,,,0.230102271,308.3771048,,,,0.349769056,308.382035,,,,0.405849218,308.1318438,,,,0.286455095,308.1412368,,,,,,,,,0.264202863,401.8900992
,,,0.230344594,309.0001138,,,,0.364817679,309.0050203,,,,0.411477834,308.7543337,,,,0.291488916,308.7637268,,,,,,,,,0.267025739,402.7019732
,,,0.230583221,309.623099,,,,0.38090837,309.6280292,,,,0.417068511,309.3768041,,,,0.297088474,309.3862364,,,,,,,,,0.270309836,403.5138972
,,,0.230846345,310.2460843,,,,0.398132741,310.2509908,,,,0.422595561,309.9992941,,,,0.3032704,310.0087263,,,,,,,,,0.274129033,404.3257712
,,,0.231102765,310.8690458,,,,0.417075217,310.873976,,,,0.428037167,310.621784,,,,0.30995205,310.6312359,,,,,,,,,0.278425574,405.1376953
,,,0.231402904,311.4920548,,,,0.437801629,311.496985,,,,0.433386207,311.244274,,,,0.3171345,311.2537258,,,,,,,,,0.283205658,405.9495693
,,,0.231696367,312.11504,,,,0.460654616,312.1199702,,,,0.438591957,311.8667639,,,,0.324711472,311.8762354,,,,,,,,,0.28849116,406.7614934
,,,0.232009083,312.7380253,,,,0.486103535,312.7429555,,,,0.443717748,312.4892539,,,,0.332689673,312.4987254,,,,,,,,,0.294290453,407.5734175
,,,0.23233372,313.3610105,,,,0.514868557,313.3659407,,,,0.448722482,313.1117439,,,,0.341045409,313.1212349,,,,,,,,,0.300664335,408.3852915
,,,0.23268646,313.9839958,,,,0.547952771,313.9889497,,,,0.45359686,313.7342338,,,,0.3496539,313.7437249,,,,,,,,,0.307685941,409.1972155
,,,0.233079225,314.606981,,,,0.58713758,314.6119349,,,,0.458362073,314.3567238,,,,0.358568877,314.3662149,,,,,,,,,0.315419346,410.0090895
,,,0.233486116,315.2299425,,,,0.635131061,315.2349202,,,,0.463017613,314.9792137,,,,0.367770106,314.9887048,,,,,,,,,0.323783636,410.8210136
,,,0.233955204,315.8529515,,,,0.698771834,315.8579054,,,,0.467638195,315.6017037,,,,0.377192378,315.611234,,,,,,,,,0.332679421,411.6328876
,,,0.234440655,316.4759367,,,,0.962792993,316.4809144,,,,0.472192168,316.2241936,,,,0.386768132,316.233724,,,,,,,,,0.342052639,412.4447867
,,,0.235003114,317.0988983,,,,1.692492366,317.1038759,,,,0.476693362,316.8466836,,,,0.396391362,316.8562139,,,,,,,,,0.35185656,413.2567107
,,,0.235613048,317.7218835,,,,2.189599276,317.7268612,,,,0.481196135,317.4691736,,,,0.405780226,317.4787039,,,,,,,,,0.362104505,414.0685847
,,,0.236316353,318.3448925,,,,,,,,,0.485708475,318.0916243,,,,0.414690018,318.1012331,,,,,,,,,0.372767627,414.8805088
,,,0.237115264,318.967854,,,,,,,,,0.490300953,318.7141143,,,,0.422720909,318.723723,,,,,,,,,0.383717626,415.6923828
,,,0.238048285,319.5908393,,,,,,,,,0.495005369,319.3366042,,,,0.429697752,319.346213,,,,,,,,,0.394853741,416.5043069
,,,0.239156961,320.2138245,,,,,,,,,0.499943376,319.9590942,,,,0.435726136,319.9687029,,,,,,,,,0.406075835,417.316231
,,,0.240486041,320.8368098,,,,,,,,,0.505099595,320.5815841,,,,0.441006929,320.5912321,,,,,,,,,0.417327583,418.128105
,,,0.242134973,321.459795,,,,,,,,,0.510547936,321.2040741,,,,0.445893019,321.2137221,,,,,,,,,0.428472638,418.940029
,,,0.244192258,322.0827803,,,,,,,,,0.516251385,321.8265641,,,,0.450489998,321.836212,,,,,,,,,0.43931967,419.751903
,,,0.24680312,322.7057892,,,,,,,,,0.522238255,322.449054,,,,0.454867333,322.458702,,,,,,,,,0.449676692,420.5638522
,,,0.250179797,323.3287508,,,,,,,,,0.528610647,323.071544,,,,0.459048837,323.0812312,,,,,,,,,0.45945996,421.3757011
,,,0.254403293,323.951736,,,,,,,,,0.535315454,323.6940339,,,,0.463069528,323.7037211,,,,,,,,,0.469087601,422.1876502
,,,0.259484261,324.574745,,,,,,,,,0.542684793,324.3165239,,,,0.467012227,324.3262111,,,,,,,,,0.479271919,422.9995493
,,,0.265336245,325.1977302,,,,,,,,,0.55085361,324.9389746,,,,0.470837176,324.9487403,,,,,,,,,0.49071449,423.8114483
,,,0.271824837,325.8207155,,,,,,,,,0.560034931,325.5614646,,,,0.474628568,325.5712302,,,,,,,,,0.503948569,424.6233474
,,,0.278807461,326.4437007,,,,,,,,,0.57039392,326.1839546,,,,0.478370994,326.1937202,,,,,,,,,0.519340754,425.4351963
,,,0.286311328,327.0667096,,,,,,,,,0.581929922,326.8064445,,,,0.482239664,326.8162102,,,,,,,,,0.536646485,426.2471454
,,,0.294282913,327.6896712,,,,,,,,,0.594508708,327.4289345,,,,0.486340344,327.4387197,,,,,,,,,0.555431783,427.0590445
,,,0.302805066,328.3126564,,,,,,,,,0.608074725,328.0514244,,,,0.490772665,328.0612293,,,,,,,,,0.575765908,427.8709435
,,,0.311860889,328.9356417,,,,,,,,,0.622303784,328.6739144,,,,0.495687008,328.6837193,,,,,,,,,0.597971141,428.6828425
,,,0.321541399,329.5586506,,,,,,,,,0.637320518,329.2964044,,,,0.501265883,329.3062484,,,,,,,,,0.622407913,429.4947416
,,,0.331899315,330.1816359,,,,,,,,,0.653265834,329.9188943,,,,0.507712483,329.9287384,,,,,,,,,0.649454892,430.3066406
,,,0.342993885,330.8046211,,,,,,,,,0.670462549,330.5413843,,,,0.515155971,330.5512284,,,,,,,,,0.67965126,431.1185897
,,,0.35492444,331.4276064,,,,,,,,,0.689143062,331.1638742,,,,0.52385956,331.1737575,,,,,,,,,0.714296579,431.9304387
,,,0.367766559,332.0506153,,,,,,,,,0.70985806,331.7863642,,,,0.533783197,331.7962475,,,,,,,,,0.756846964,432.7423878
,,,0.381662071,332.6736006,,,,,,,,,0.733390152,332.4088149,,,,0.54499805,332.4187374,,,,,,,,,0.811721921,433.5542368
,,,0.396729082,333.2965858,,,,,,,,,0.760812223,333.0313049,,,,0.557330668,333.0412274,,,,,,,,,0.876843393,434.3661859
,,,0.413160682,333.9195948,,,,,,,,,0.792786002,333.6537949,,,,0.570601583,333.6637566,,,,,,,,,0.951529026,435.1780849
,,,0.431192428,334.54258,,,,,,,,,0.828919828,334.2762848,,,,0.584450901,334.2862465,,,,,,,,,1.036385298,435.989984
,,,0.451052517,335.1655653,,,,,,,,,0.869595647,334.8987748,,,,0.598822236,334.9087365,,,,,,,,,1.136385202,436.801883
,,,0.473074466,335.7885505,,,,,,,,,0.91590327,335.5212647,,,,0.613812387,335.5312657,,,,,,,,,1.260123372,437.6138321
,,,0.49773705,336.4115358,,,,,,,,,0.96797657,336.1437547,,,,0.6297279,336.1537556,,,,,,,,,1.407569289,438.4256811
,,,0.525694251,337.034521,,,,,,,,,1.026134014,336.7662447,,,,0.646811008,336.7762456,,,,,,,,,1.565534711,439.2376302
,,,0.5580827,337.6575063,,,,,,,,,1.091273069,337.3887346,,,,0.665327013,337.3987748,,,,,,,,,1.722610116,440.0494792
,,,0.596587181,338.2804915,,,,,,,,,1.163908124,338.0112246,,,,0.685762525,338.0212647,,,,,,,,,1.876973152,440.8614283
,,,0.644259095,338.9035005,,,,,,,,,1.245987773,338.6337145,,,,0.708646894,338.6437547,,,,,,,,,2.027926683,441.6733273
,,,0.709912777,339.5264857,,,,,,,,,1.342038035,339.2562045,,,,0.735022545,339.2662839,,,,,,,,,2.172637939,442.4852264
,,,1.252314806,340.1494472,,,,,,,,,1.451022625,339.8786945,,,,0.766756713,339.8887738,,,,,,,,,2.305118561,443.2971254
,,,2.448722601,340.7724562,,,,,,,,,1.564690351,340.5011452,,,,0.805469453,340.5112638,,,,,,,,,2.419825554,444.1090244
,,,,,,,,,,,,,1.680840015,341.1236352,,,,0.850750446,341.1337538,,,,,,,,,,
,,,,,,,,,,,,,1.802594543,341.7461251,,,,0.903232455,341.7562437,,,,,,,,,,
,,,,,,,,,,,,,1.932380438,342.3686151,,,,0.964053869,342.3787337,,,,,,,,,,
,,,,,,,,,,,,,2.070845842,342.991105,,,,1.033428431,343.0012629,,,,,,,,,,
,,,,,,,,,,,,,2.212920189,343.613595,,,,1.114897728,343.6237528,,,,,,,,,,
,,,,,,,,,,,,,2.351545572,344.236085,,,,1.215723395,344.2462428,,,,,,,,,,
,,,,,,,,,,,,,2.484802723,344.8585749,,,,1.344130397,344.868772,,,,,,,,,,
,,,,,,,,,,,,,,,,,,1.493924737,345.4912619,,,,,,,,,,
,,,,,,,,,,,,,,,,,,1.64960289,346.1137519,,,,,,,,,,
,,,,,,,,,,,,,,,,,,1.804686785,346.7362811,,,,,,,,,,
,,,,,,,,,,,,,,,,,,1.959661841,347.358771,,,,,,,,,,
,,,,,,,,,,,,,,,,,,2.114273071,347.981261,,,,,,,,,,
,,,,,,,,,,,,,,,,,,2.264310598,348.6037902,,,,,,,,,,
,,,,,,,,,,,,,,,,,,2.401033401,349.2262801,,,,,,,,,,
